id,first_name,last_name,age,state,salary
1,Dulcie,Irdale,54,KY,$36229.72
2,Leonelle,Nystrom,100,FL,$159140.39
3,Gabriele,Dyde,87,NC,$38541.11
4,Wendell,Moulsdale,19,TX,$115920.67
5,Jason,Chadwen,27,NY,$179403.23
6,Mahala,Gierok,58,MA,$39917.80
7,Abelard,Okell,45,LA,$30313.52
8,Claiborn,Sarsons,91,WA,$90304.84
9,Garrek,Wildey,56,MO,$138455.96
10,Hyacinthia,MacGeffen,60,TX,$168035.11
11,Arlette,Winckworth,71,FL,$168200.05
12,Larry,Laboune,47,PA,$148301.53
13,Lou,McNamara,95,IL,$113923.01
14,Caitlin,Cinnamond,37,SD,$192007.65
15,Billi,Cordeiro,90,NY,$161905.44
16,Eduino,Geertje,38,TX,$31598.39
17,Cassius,Reynalds,31,TX,$116309.25
18,Shanta,D'Ambrosi,18,MI,$136509.27
19,Cos,Burnie,91,TN,$106118.52
20,Clyve,Easum,86,CA,$84947.76
21,Jedd,Dorsett,30,PA,$103751.84
22,Celestyn,Pachta,57,NY,$173866.38
23,Fredia,Tropman,73,NJ,$58528.40
24,Bobette,Hanbury-Brown,37,FL,$160431.33
25,Marin,Vicar,17,OH,$64519.61
26,Raychel,Danilishin,100,ME,$48992.90
27,Dallas,Crebbin,96,UT,$96579.13
28,Alfie,De Hoogh,42,AK,$65995.38
29,Andrea,Mattheissen,56,CT,$172524.95
30,Grover,Bugge,75,MN,$99053.77
31,Paddy,Ocheltree,83,TX,$116475.31
32,Galvan,Blasi,50,MA,$18517.24
33,Annabella,Pinwell,53,MD,$116085.57
34,Dulcine,Nerne,58,FL,$179223.47
35,Bride,Reddel,47,NC,$196637.17
36,Ethelred,Verdie,70,NY,$37404.18
37,Arlin,Freckleton,83,VA,$95905.00
38,Sidney,Brandes,95,SC,$29855.58
39,Thornie,Breede,82,TX,$107551.94
40,Janice,Bendig,100,TX,$138731.79
41,Jacquenetta,Abele,75,PA,$112657.70
42,Estelle,Colson,41,DC,$72841.90
43,Layla,Durrell,32,TX,$16074.60
44,Aubert,Jaine,71,AZ,$15363.91
45,Wallie,Rame,39,NY,$103859.48
46,Grannie,Marcq,97,IN,$165587.78
47,Cletus,Phillips,29,FL,$45395.43
48,Stanly,Cerro,81,IN,$177714.42
49,Shaughn,Oiseau,57,TX,$161597.69
50,Josey,Bricksey,56,WA,$149002.47
51,Sari,Gormley,56,TX,$175404.19
52,Marlena,Darton,30,NY,$78500.18
53,Emmy,Plews,96,NY,$11397.74
54,Brynna,Ledes,41,MO,$144229.07
55,Vivianne,Charrisson,98,GA,$187979.40
56,Tadd,Sole,91,IN,$89717.32
57,Winston,Kruse,70,MI,$74550.87
58,Alexandre,Pirrone,48,NM,$11650.25
59,Humfrid,Rochford,60,FL,$36449.26
60,Jackie,Luesley,89,CA,$67603.83
61,Noach,Spinelli,65,CA,$170840.39
62,Leonerd,Dorgan,24,CA,$86982.59
63,Bernice,Bouda,59,KY,$184556.35
64,Correy,Paraman,46,TX,$60541.45
65,Arleen,Dranfield,91,NE,$25389.19
66,Celie,Dewett,41,CA,$166643.57
67,Roley,Poulgreen,27,AZ,$12477.80
68,Ernie,Prandin,40,GA,$57062.11
69,Nelson,Cudiff,62,CA,$42899.17
70,Myca,Dominichelli,76,VA,$59982.46
71,Annissa,Stroder,35,IL,$17791.40
72,Dalston,Macquire,20,TX,$187406.80
73,Pembroke,Kinahan,68,FL,$22216.62
74,Deva,Cordey,79,VA,$21074.90
75,Ivett,Liddard,38,CA,$59383.74
76,Roanna,Strathe,35,AL,$125292.33
77,Raeann,Forge,93,TX,$171789.26
78,Mischa,Blaylock,38,IN,$33208.69
79,Kaleena,Harrow,63,NY,$86908.93
80,Holden,Honig,100,CO,$78334.31
81,Rosetta,Courtois,44,CA,$73365.97
82,Mose,Senyard,20,CA,$33961.37
83,Gery,Prandy,61,MI,$122622.76
84,Peterus,Moulin,95,OH,$145804.76
85,Camilla,Suggett,69,GA,$69880.45
86,Jojo,Moverley,35,NV,$189090.42
87,Orelee,Antrag,48,TX,$46104.84
88,Else,Skerritt,64,GA,$29885.08
89,Marjory,Mabon,51,VA,$10818.84
90,Lavena,Ainsbury,51,MS,$98712.73
91,Eveleen,Claypoole,73,NJ,$76794.90
92,Sacha,Annott,83,IL,$158647.85
93,Arlan,Bartlet,40,NM,$45807.13
94,Arv,Quinby,26,CO,$135624.26
95,Bradly,Scrimshire,60,NM,$184071.92
96,Lurline,Rubinowitz,44,IL,$156255.05
97,Ardyce,Yokel,24,TN,$135180.63
98,Clementine,Duplock,63,TX,$74395.95
99,Lem,Greedy,95,MA,$88397.50
100,Ardelia,Entwisle,57,DC,$157008.18
101,Bobinette,Sleeny,44,NH,$89406.48
102,Mandel,Toopin,22,FL,$80248.59
103,Ruby,Chanders,34,WV,$73043.25
104,Sandye,Brodbin,70,FL,$79730.09
105,Ketti,Didsbury,89,IL,$160829.31
106,Lyda,Littlechild,94,CA,$187990.44
107,Marsh,Beaten,66,FL,$77075.78
108,Stearne,Dimmack,30,FL,$87556.00
109,Margie,Shah,53,TX,$23706.35
110,Orton,Caress,34,MN,$193827.31
111,Fergus,McIver,66,AK,$166039.25
112,Jason,McNish,48,FL,$95502.50
113,Lily,Arundell,35,DC,$40877.19
114,Ring,Chrippes,79,FL,$51109.59
115,Allyce,Huws,20,TX,$70919.06
116,Mikey,Hamnett,52,LA,$11372.86
117,Denver,Gauche,62,WA,$117079.34
118,Gillian,Sallarie,44,TX,$45726.72
119,Brittan,Matonin,57,OH,$107545.85
120,Derrek,Rickards,58,TX,$38488.05
121,Dukie,Lung,93,FL,$122062.42
122,Shell,Chaikovski,52,TX,$176483.50
123,Timofei,Ben-Aharon,89,TX,$188758.88
124,Thorny,Leonardi,93,TN,$72607.83
125,Jolee,Harwood,18,LA,$65712.40
126,Jackqueline,Bru,16,NY,$20311.33
127,Johnathan,Klewi,64,TX,$122867.36
128,Curt,Tatteshall,36,NY,$20146.06
129,Svend,Galley,76,FL,$60883.19
130,Callean,Tarpey,48,NC,$103149.34
131,Raf,Bruhn,72,OR,$12008.50
132,Falkner,Wiltshear,46,CT,$181473.06
133,Caprice,Grayshon,41,GA,$119568.69
134,Nicky,Ludgate,59,OK,$147983.62
135,Alaric,Morsley,94,MO,$13018.39
136,Rip,Krollman,63,NY,$38665.92
137,Blakeley,Canadas,80,SC,$197805.16
138,Hanny,Coulthard,66,TX,$37941.20
139,Alon,Matei,100,NC,$116039.69
140,Antonie,Orlton,23,IA,$15886.25
141,Silas,Perche,57,MI,$127847.41
142,Amelie,Losbie,34,CA,$119451.00
143,Lennie,Demougeot,23,TX,$34682.71
144,Melonie,Holbury,54,MD,$37064.93
145,Tabb,Bonnyson,44,GA,$147943.60
146,Daniele,Giacomazzo,47,TN,$85863.71
147,Lawry,Shakespeare,87,WV,$193989.35
148,Myrle,Cheater,69,UT,$70569.60
149,Ellary,Tomkiss,21,AR,$117318.77
150,Smith,Niesegen,45,TX,$184813.65
151,Heida,Pagden,40,IL,$79636.84
152,Amory,Landsman,33,TN,$180274.09
153,Dmitri,Ovitz,79,TX,$191759.77
154,Grant,Snawden,58,AZ,$36027.09
155,Geno,Dymidowski,94,WI,$86425.84
156,Justine,Phethean,30,LA,$182661.36
157,Constancia,Glackin,35,MN,$117590.56
158,Laina,Sumshon,70,DC,$162396.19
159,Heidi,De Andreis,98,OR,$85153.68
160,Flint,Gert,47,CA,$41435.01
161,Petey,Matasov,94,CA,$10228.12
162,Robena,Latta,86,WI,$86254.78
163,Mariya,Ellgood,18,CA,$148324.60
164,Karita,Walesby,100,VA,$140631.48
165,Cortney,Klaessen,53,CA,$196675.11
166,Currie,Edger,99,AZ,$60586.84
167,Worden,O'Fielly,94,OR,$195732.78
168,Rodger,Brydone,100,TX,$140733.02
169,Garwin,Purver,25,FL,$117485.74
170,Ruthy,Wilber,31,TN,$106284.52
171,Ozzie,Brigham,52,MO,$196033.10
172,Sullivan,Knagges,38,OK,$160795.91
173,Cornela,Lowne,81,NY,$194462.19
174,Petey,Summersby,47,NC,$182812.26
175,Staffard,Wrathmell,88,NJ,$73884.92
176,Conny,Thoumas,61,GA,$174531.19
177,Sharon,Vaune,37,MO,$136538.28
178,Terrell,Colgan,36,TX,$68506.62
179,Alejandrina,Hamlet,83,TN,$104735.67
180,Julianne,MacDwyer,65,NM,$123087.07
181,Hercules,Durrand,82,FL,$71493.38
182,Damian,Babbage,21,DE,$193955.88
183,Alysia,Whisker,29,MA,$18738.12
184,Roddy,Garrud,35,CA,$41204.29
185,Wesley,Cankett,66,CA,$46096.38
186,Farrah,Klimaszewski,77,TX,$119640.74
187,Mile,Humbey,66,MO,$61928.02
188,Caro,Cecil,87,MA,$142755.37
189,Melosa,Puddle,82,DC,$115593.04
190,Tabitha,Benardette,69,IL,$178397.77
191,Lindon,Duddell,92,PA,$188329.41
192,Shelbi,Bartholomaus,33,CA,$67551.00
193,Gerda,Way,70,DC,$16785.22
194,Torey,Thomasen,37,TX,$194693.12
195,Coriss,Pilipets,65,CA,$31472.29
196,Gillan,Sergeaunt,76,TX,$83180.89
197,Malia,Cheves,73,MI,$171818.83
198,Hamlen,Reynish,60,MD,$180378.52
199,Stevana,Tonsley,27,FL,$122941.41
200,Alessandra,Chessel,88,VA,$180229.16
201,Alyse,Bayston,32,IL,$45933.21
202,Nicolis,Spadari,22,AZ,$74303.43
203,Aretha,Bixley,21,CA,$76595.67
204,Jesse,Glaysher,16,AL,$143833.58
205,Renard,Mottinelli,66,CA,$59790.21
206,Arv,Rollason,49,CA,$164794.80
207,Leo,Rudgerd,47,TX,$31496.53
208,Rocky,Grigori,52,AL,$53381.74
209,Donnell,Moens,23,IL,$10509.93
210,Theodora,Darko,59,NY,$28321.08
211,Opalina,Butterfield,60,KS,$126414.12
212,Jamill,Broadway,88,NY,$19822.17
213,Basia,Withers,22,MD,$183191.46
214,Bryon,Gooderham,74,NC,$112491.38
215,Mycah,Orrobin,84,MD,$147850.18
216,Clarence,Gonet,87,ME,$113758.64
217,Decca,Brettor,30,FL,$99066.63
218,Fenelia,Jozwiak,93,CA,$172474.57
219,Keelia,Proven,75,TN,$171418.75
220,Susy,Lockyer,70,WA,$171037.98
221,Everett,Krzyzowski,45,OK,$135730.29
222,Kaitlin,Hollow,39,CA,$114342.33
223,Stephana,Lombardo,96,VA,$82437.81
224,Flossy,Milington,76,NY,$178572.49
225,Sammie,Kareman,79,OH,$181168.73
226,Ruth,Botger,61,TN,$173339.40
227,Mag,Nowill,48,MO,$149963.90
228,Colver,Aguilar,69,IL,$178957.68
229,Dorelle,Hanniger,57,GA,$186134.38
230,Alika,Janouch,49,WA,$137630.45
231,Sela,Brastead,32,TX,$36533.83
232,Stafford,Likly,17,FL,$198658.93
233,Terrance,Goncaves,38,VA,$52616.31
234,Miguel,Danilewicz,53,CA,$60622.79
235,Robin,Jansens,68,MO,$179401.50
236,Heddi,Ableson,96,NE,$84568.12
237,Zahara,Reiglar,34,VA,$43186.05
238,Salem,Upwood,83,PA,$193455.72
239,Orion,Dillamore,85,OK,$78256.58
240,Abe,McGuff,25,FL,$199097.92
241,Aldrich,Olivetti,33,DC,$188364.20
242,Adolf,Cleeton,75,CA,$95445.92
243,Normy,Seydlitz,54,OH,$131327.04
244,Giorgia,Stienton,94,CA,$173061.51
245,Lea,Arnall,65,WA,$90282.56
246,Bertie,Bowskill,35,TX,$41688.44
247,Rubina,Brauninger,52,CO,$146744.02
248,Rhodie,Young,35,NE,$117893.36
249,Helenelizabeth,Rickson,84,KS,$67061.59
250,Abbie,Davy,27,CA,$48394.97
251,Christiano,Molines,43,GA,$26707.96
252,Cristina,Immer,27,MA,$67116.56
253,Karoline,Trumpeter,31,IL,$118606.26
254,Carry,Crebo,51,TN,$93941.84
255,Reyna,Ladlow,92,NY,$37537.26
256,Nicky,Lowrance,88,NC,$135753.01
257,Northrup,Loftin,27,IN,$131556.22
258,Issiah,Stadding,99,CA,$121560.10
259,Brena,Yakebowitch,73,FL,$154131.35
260,Gerti,Gimeno,93,CA,$164806.05
261,Waylin,Kob,59,GA,$33667.17
262,Carole,Choake,85,NC,$150395.58
263,Brennan,Kohnemann,38,KS,$152934.85
264,Britte,Backshell,67,OH,$191294.53
265,Livvy,Chatell,80,DC,$196175.48
266,Maryanne,Searsby,18,NY,$162914.16
267,Wallas,Keech,17,CA,$93300.21
268,Kellyann,Winnard,53,OH,$102128.33
269,Ina,Ingolotti,98,WA,$69988.44
270,Dosi,Markova,24,VA,$114835.44
271,Patrice,Burl,48,VA,$188217.78
272,Carl,McKimmey,77,CA,$143208.09
273,Thorvald,Grinyakin,47,NV,$197079.22
274,Tracy,Marron,87,TX,$180654.94
275,Jeno,Tombling,82,NY,$15488.26
276,Korey,Grazier,69,MN,$19510.79
277,Devonne,Gages,36,KY,$90651.13
278,Slade,Trime,69,OH,$171023.16
279,Izak,Buer,75,FL,$154182.53
280,Ben,Uccelli,46,AZ,$27641.15
281,Reuben,Jandera,98,OH,$104697.96
282,Brigitta,Bentsen,67,LA,$132258.08
283,Cyndy,Roisen,31,IN,$63536.64
284,Lenore,Christene,58,CA,$23079.84
285,Aindrea,Faulo,90,MI,$197294.30
286,Iosep,Meffin,26,CT,$36643.41
287,Fernando,Ralston,19,CO,$159598.69
288,Valida,Gerson,46,TX,$143705.09
289,Neda,Skedgell,62,MT,$194339.17
290,Sonnnie,Doick,94,FL,$13445.68
291,Emmi,Bimson,54,OH,$87647.13
292,Asher,Littlefield,87,MA,$71778.94
293,Baillie,Ritchie,34,IL,$38657.57
294,Shaylyn,Panks,80,TX,$162354.85
295,Binnie,Omar,64,MD,$174115.38
296,Erl,Southall,17,WI,$156321.89
297,Lucien,Bootman,49,CA,$39279.59
298,Erasmus,Gianuzzi,56,TX,$150128.50
299,Thomas,Dax,32,TX,$187090.09
300,Lazar,Hirthe,76,AZ,$73794.36
301,Jay,Gregan,41,PA,$110107.79
302,Cordie,MacGaffey,61,MI,$34966.29
303,Kaia,Witherow,43,OH,$155391.52
304,Verna,Vaughan,47,DC,$141806.43
305,Gaspard,Alwell,19,IA,$119412.49
306,Margalo,Maffezzoli,52,CA,$92202.55
307,Hewitt,Lubbock,42,FL,$78306.29
308,Egor,Aime,93,PA,$75226.66
309,Kameko,Ridgedell,99,NV,$58705.67
310,Prince,Tague,47,SC,$163651.78
311,Theodore,Bouller,80,MN,$70020.94
312,Ofilia,Pampling,48,MD,$84635.27
313,Renelle,Taveriner,68,CA,$63534.09
314,Arv,Arnaudin,17,GA,$157685.12
315,Charil,Klaas,51,OH,$101033.87
316,Kasey,Sowrah,66,WI,$185729.29
317,Audrie,Hilbourne,89,MI,$12590.13
318,Gaylord,Cobbald,83,OH,$123127.61
319,Vi,Biasetti,63,LA,$83948.25
320,Wakefield,Utting,71,PA,$34692.57
321,Beilul,Wimsett,90,TX,$56322.93
322,Agnola,Breitler,63,AZ,$34476.41
323,Rivalee,Saenz,95,GA,$25206.72
324,Merrilee,Crimpe,37,MN,$138063.71
325,Bea,Manilow,97,TX,$18685.19
326,Bianca,Barnwill,51,NC,$86058.13
327,Barrie,Marjoram,92,NH,$137164.89
328,Bobby,Weight,29,GA,$132252.03
329,Dyanna,Bosquet,27,NV,$78442.89
330,Faustine,Fletcher,53,NC,$145042.20
331,Tana,Feye,95,FL,$24784.63
332,Erastus,Cottam,39,WV,$106350.11
333,Filberto,Self,34,VA,$96957.53
334,Bobina,Beggs,83,TX,$19718.78
335,Beret,Mioni,56,MI,$187652.22
336,Philbert,De Caville,49,PA,$62329.52
337,Marya,Treanor,25,TX,$70625.00
338,Drona,Reder,86,KY,$99326.66
339,Aubrey,Garfield,32,NE,$118786.84
340,Pavlov,McBean,81,PA,$99367.18
341,Davide,Gerriessen,94,WI,$192506.55
342,Richmond,Middlehurst,21,MO,$90444.58
343,Dona,Lewens,23,TX,$121276.19
344,Alexandro,Noades,90,FL,$47875.83
345,Katrina,Panther,61,NY,$35525.10
346,Evangelina,Marshland,59,DC,$104717.52
347,Abbott,Freshwater,63,AZ,$71302.45
348,Valle,Vizor,78,MN,$199291.36
349,Muire,Hatley,99,LA,$37702.62
350,Lucho,Siely,45,VA,$97021.88
351,Harland,Seabert,58,FL,$115098.58
352,Ric,Julien,38,GA,$167222.45
353,Jarrad,Tunnah,52,FL,$33181.78
354,Gav,Bethell,61,GA,$196825.85
355,Oliviero,Longstaff,25,NM,$15271.91
356,Ethelred,Ovitz,76,NC,$60792.97
357,Powell,Admans,86,NV,$146205.57
358,Arman,Buckles,51,MD,$88062.04
359,Von,Isakovitch,24,WA,$136252.04
360,Cordie,Kingaby,22,CA,$105456.57
361,Hurleigh,Boyet,38,MO,$22360.52
362,Constantina,Tunna,76,MS,$179146.73
363,Base,Beet,38,FL,$188479.90
364,Joell,Barendtsen,85,IN,$142351.87
365,Eilis,Labes,79,MN,$179204.14
366,Laurianne,Kryska,25,MO,$191138.29
367,Lutero,MacRannell,40,WI,$141149.11
368,Elna,Felstead,36,NY,$35396.69
369,Gertrud,Harp,33,GA,$166338.86
370,Jacques,Fitton,39,OR,$72650.57
371,Nessy,Gilhool,48,DC,$28519.02
372,Lindie,Kimbley,86,TX,$159355.58
373,Mickey,Castledine,27,IN,$121526.73
374,Heindrick,Joist,31,TX,$148576.06
375,Perry,Norval,54,TX,$38913.21
376,Kathye,Gibben,22,LA,$136949.07
377,Tarrah,Dagon,48,CA,$38135.72
378,Kimble,Brislen,28,TX,$181269.35
379,Noreen,Fasson,51,KS,$70384.52
380,Glyn,Fuentes,68,NV,$30602.95
381,Brand,Codman,33,FL,$38694.48
382,Karlene,Pettie,76,UT,$41540.68
383,Matilda,Lascell,83,CA,$167244.14
384,Dew,Ellse,32,TX,$198337.17
385,Kristopher,Summers,84,GA,$184737.46
386,Jean,Vasse,27,CA,$121265.69
387,Avrom,Holdall,96,CA,$144652.60
388,Ingar,Bench,39,FL,$162142.60
389,Benoite,Fernanando,79,IN,$12885.62
390,Florina,Tourry,60,MT,$23305.83
391,Eda,Howey,17,NE,$21594.09
392,Angie,Fronek,95,TX,$115982.83
393,Taber,Clapston,52,WI,$14007.68
394,Halette,Saffell,30,FL,$165707.66
395,Tuck,Preble,98,CA,$193415.99
396,Kerr,Atto,53,OH,$30504.43
397,Rockwell,Loxston,73,OK,$38901.58
398,Julie,Penniall,39,PA,$119868.12
399,Dorrie,Grundon,32,CO,$67812.44
400,Lorry,Gonzales,17,FL,$143583.39
401,Liana,Margaritelli,75,MA,$195493.92
402,Moises,Attock,20,CA,$12022.04
403,Mozelle,Vidler,55,GA,$129151.11
404,Catarina,Cleynman,82,GA,$99637.67
405,Vincent,Whilder,86,TX,$143040.94
406,Lynea,McVittie,75,KS,$38525.42
407,Kaleena,Baudin,34,SD,$154165.60
408,Eba,Bugg,27,VA,$79608.91
409,Kean,Duetsche,60,CA,$146932.14
410,Josselyn,Twinning,17,DC,$182967.96
411,Lenci,Hickford,79,NC,$186328.97
412,Lenette,Wisby,78,MN,$44805.23
413,Adore,Weber,76,AL,$188028.58
414,Thornie,Ridett,57,OK,$150313.48
415,Clarita,Tremouille,31,MD,$22821.64
416,Germain,Molloy,93,WA,$152669.42
417,Brigitta,Bleibaum,75,MA,$198685.44
418,Correna,Van Geffen,45,AL,$178450.22
419,Mina,Valenti,72,TX,$66090.86
420,Robenia,Kernan,81,CA,$150049.72
421,Frayda,Fairbridge,56,TX,$158154.08
422,Lynnet,Harlow,91,MN,$103242.05
423,Rebekkah,Bardwall,62,VA,$166472.87
424,Philis,Lillow,62,VA,$76594.01
425,Torrey,Bartolomivis,59,MO,$84847.95
426,Modestia,Crannage,98,TN,$88006.05
427,Ailina,Jills,75,IL,$93392.10
428,Karney,Libreros,60,CA,$110300.58
429,Rosa,Cainey,53,TN,$25197.77
430,Farris,Doole,79,TX,$163034.11
431,Ki,Lanphere,86,FL,$144973.43
432,Ginger,Hourahan,38,FL,$158246.05
433,Zaria,Kynder,81,NC,$181291.73
434,Whitaker,Fulcher,26,PA,$151258.15
435,Temple,Paulou,23,FL,$102778.67
436,Odetta,Goslin,71,OH,$187403.68
437,Dore,Thackeray,73,TX,$153919.80
438,Giana,Bath,17,OK,$154093.85
439,Agnese,Sidworth,50,AZ,$185404.59
440,Leanora,Milroy,96,KS,$199351.29
441,Lindy,Grimsley,77,IA,$122223.30
442,Ethyl,Bonnett,44,MD,$161264.88
443,Nikki,Pleavin,62,VA,$68221.45
444,Diena,Dearsley,43,TX,$52687.64
445,Langsdon,Olle,33,FL,$176083.41
446,Ganny,Doole,93,TN,$198088.68
447,Philomena,Crosdill,46,TX,$131564.63
448,Verena,Lorenz,58,OH,$51557.86
449,Rhetta,Pecey,17,NJ,$44718.57
450,Corie,Pepi,28,WA,$187584.07
451,Connie,Allum,48,VA,$66205.19
452,Mordecai,Baythorp,80,VA,$14741.81
453,Jinny,Cescot,25,AZ,$65844.67
454,Katrinka,McAlpine,46,FL,$93264.78
455,Chrystel,Easson,95,NY,$167465.06
456,Cole,Raine,43,MA,$92060.11
457,Consuelo,Bursnell,40,KS,$197907.04
458,Maximo,Jeal,32,UT,$10261.88
459,Alonso,Ruckert,73,LA,$156571.67
460,Harvey,Bordone,83,GA,$15588.54
461,Olav,Jerams,84,TX,$193557.99
462,Lora,Emlin,24,VA,$115212.32
463,Tomas,Barnbrook,70,MI,$130431.65
464,Roseanne,Luciani,90,CA,$190048.75
465,Harlen,Brownill,80,DC,$174132.78
466,Patrizia,Fayers,21,PA,$118700.26
467,Dacey,Dasent,16,DC,$70015.53
468,Wyatan,Wildbore,41,NE,$93510.65
469,Guthrie,Grissett,46,VA,$155919.71
470,Easter,Burberye,47,LA,$173881.83
471,Vito,MacDaid,69,MN,$94336.40
472,Joycelin,Van der Veldt,45,MO,$41942.29
473,Craggy,Beddingham,62,NY,$127644.21
474,Baily,Gilmore,91,IL,$183937.43
475,Melessa,Barrow,37,HI,$69251.52
476,Inness,McTavish,99,AR,$29555.13
477,Carrissa,Dowers,74,WA,$90621.18
478,Danita,Doudny,63,GA,$153592.65
479,Dania,Bilborough,47,TX,$93923.66
480,Gardener,Dunnan,97,FL,$57515.24
481,Evelyn,Balogh,32,OK,$185701.16
482,Cami,Davion,49,VA,$131656.79
483,Luci,Ksandra,18,TX,$166465.49
484,Nikki,Willgrass,97,IL,$24478.82
485,Andee,Nunn,40,IL,$131351.32
486,Tucker,Really,35,CA,$54919.51
487,Lionel,Halegarth,76,CO,$40243.42
488,Jordanna,Flockhart,78,CO,$125169.90
489,Ermin,d' Eye,43,OH,$142939.97
490,Dani,Barrell,79,NY,$190548.52
491,Ryley,Adriaens,86,NY,$97751.95
492,Boonie,Bruster,58,MD,$156536.03
493,Spencer,Besant,85,CA,$192432.89
494,Urbano,Melly,40,MS,$125186.74
495,Derry,Chad,51,WA,$145612.71
496,Verene,Greve,31,SD,$45856.56
497,Ricard,Hastewell,79,NY,$129696.07
498,Sascha,Tubby,100,AK,$128743.07
499,Zebadiah,Weightman,37,UT,$183017.15
500,Shaw,Reveland,88,WV,$89223.41
501,Vevay,Guislin,52,OR,$20815.11
502,Monroe,Veltman,89,LA,$119679.59
503,Tobin,Owens,80,AL,$180490.54
504,Ashia,Leavesley,38,NC,$173300.79
505,Kendal,Seely,32,PA,$155100.60
506,Lillian,Paulisch,20,CA,$28221.62
507,Elset,Dow,81,IL,$179939.05
508,Bertie,Rowbottom,100,SC,$165115.19
509,Marcille,Lepoidevin,19,NC,$59189.14
510,Morgana,Askew,60,CO,$78220.27
511,Adiana,MacConnel,30,MO,$119211.75
512,Isacco,Hellsdon,87,CT,$33491.96
513,Rinaldo,Marke,75,CA,$29890.16
514,Tabbatha,Chapier,71,PA,$109597.15
515,Merrill,Andor,100,TX,$147253.11
516,Tito,Stoggell,54,CA,$42894.51
517,Earle,Pasque,75,IN,$150387.05
518,Meara,Scarbarrow,41,FL,$71919.52
519,Ricki,Newsham,23,NY,$176251.21
520,Bessy,Hail,50,CA,$140767.36
521,Jerrilee,Keatch,88,CA,$157908.46
522,Cobbie,Philliphs,34,TX,$37653.12
523,Hermy,Whaites,53,FL,$157466.40
524,Roi,Audry,74,NY,$82783.39
525,Jojo,Budget,75,MN,$81060.52
526,Cale,Tatlock,64,CO,$68347.45
527,Harcourt,Venturoli,71,NE,$34403.80
528,Lorant,Sidey,67,OK,$83409.22
529,Park,Whitby,70,KY,$25036.75
530,Sherri,Lillywhite,40,NY,$153699.62
531,Lionello,Overton,84,TX,$63282.07
532,Anselm,Stillwell,48,NC,$125110.43
533,Noel,Schlag,74,CA,$115208.86
534,Elias,Lippi,86,CA,$55685.64
535,Bryn,Juden,46,IN,$129335.16
536,Benedicta,Yabsley,16,CA,$71085.81
537,Alvin,Marages,99,GA,$140145.24
538,Emmalee,Danis,94,CO,$187329.06
539,Fan,Dolligon,74,PA,$176369.91
540,Verla,Boon,63,CT,$111012.58
541,Tisha,Bromhead,32,MN,$143878.12
542,Benito,Collins,79,PA,$46600.52
543,Maximo,Gritton,64,GA,$126530.01
544,Pieter,Lethcoe,60,MD,$139435.59
545,Jarrid,Levene,25,VA,$170740.25
546,Edgard,Kiendl,21,PA,$62878.61
547,Gustav,Biggam,81,OK,$156670.51
548,Gaven,Brownhill,94,GA,$36168.89
549,Jeddy,Pinson,42,FL,$157054.10
550,Hildegarde,Ongin,87,OH,$77611.11
551,Rodi,Etoile,49,HI,$32875.14
552,Marcy,Scarbarrow,66,MI,$22898.73
553,Andy,Mowatt,40,CO,$102058.25
554,Estele,Cheavin,70,CA,$44559.69
555,Manya,Derwin,51,WA,$175536.44
556,Jermain,Millsap,88,WA,$83723.66
557,Annamarie,Costi,66,GA,$122503.46
558,Leonid,Tomankowski,75,TX,$37102.92
559,Amelie,Snazle,26,NJ,$33617.98
560,Charlot,Petre,57,AK,$102880.94
561,Tan,Plewes,89,IL,$106904.48
562,Murdock,Sollime,32,PA,$161201.59
563,Alys,Dallison,62,TX,$188185.00
564,Elita,Ricart,93,PA,$95154.44
565,Kimmie,Edmead,94,KY,$62580.35
566,Ase,Karus,31,KS,$95192.19
567,Mic,McCurt,65,GA,$41482.28
568,George,LeEstut,66,PA,$50863.60
569,Brandi,Hurry,88,CA,$35614.70
570,Donny,Wreath,66,NY,$97444.39
571,Idaline,Anthon,87,NY,$57296.27
572,Udale,Reiner,20,VA,$116130.23
573,Sancho,Iacovo,49,CA,$85614.89
574,Levin,Toth,53,PA,$48910.79
575,Nicolle,Gaiter,91,FL,$11564.27
576,Eldin,Gaynesford,59,TX,$67777.97
577,Marsh,Cusick,81,OH,$69165.54
578,Erny,Beringer,76,TX,$194749.90
579,Rica,Ferrers,98,PA,$193920.04
580,Redford,Avramow,72,CA,$100650.21
581,Morgen,De La Salle,47,CA,$31508.85
582,Saxe,De Roberto,20,AK,$154815.82
583,Dell,Gilyatt,30,TX,$175486.25
584,Jerry,Knocker,81,PA,$166840.78
585,Asa,Kirrens,69,MO,$198182.61
586,Zarla,Linny,22,CT,$17720.62
587,Faina,Duval,26,MO,$49928.97
588,Ethelbert,Pietzker,67,FL,$46185.21
589,Ivette,Follen,19,NV,$192882.69
590,L;urette,Wymer,30,TX,$93552.71
591,Koral,Iaduccelli,83,CA,$166491.80
592,Lemmie,Pariso,52,GA,$109061.81
593,Stesha,Jaine,82,CA,$125614.52
594,Rici,Starbeck,37,AL,$98865.54
595,Dulcine,Whittaker,74,IN,$50557.25
596,Shalne,Kopelman,19,IN,$92536.11
597,Shaun,Sisse,61,TX,$170264.24
598,Evan,Hamfleet,34,NJ,$180956.67
599,Brant,Pagitt,88,FL,$26352.23
600,Dex,Kovnot,30,NY,$23712.38
601,Rolf,Heustice,53,FL,$188661.65
602,Morey,Smidmor,94,TX,$58467.07
603,Scott,Westlake,36,IN,$161722.12
604,Elianore,Gurys,80,TX,$181307.71
605,Sid,Minci,32,CT,$110559.69
606,Kristofor,Finnes,68,CA,$174993.23
607,Jami,Goldine,78,TX,$80447.65
608,Randy,Josephi,42,KS,$57305.42
609,Ed,Phythean,66,MD,$26001.21
610,Aristotle,Hansemann,42,CA,$54344.54
611,Clark,Nurse,28,NV,$118584.07
612,Angelia,Rizzello,30,FL,$10235.27
613,Raoul,Jachimczak,24,MN,$82723.13
614,Hewie,Dyball,86,VA,$171557.86
615,Ainsley,Higounet,87,AZ,$140786.49
616,Chiquita,Hext,21,FL,$148125.36
617,Rudd,Cayzer,31,OK,$71573.05
618,Vance,Sodor,90,GA,$71682.60
619,Melita,Collison,23,AZ,$115339.56
620,Kareem,Lemmer,57,AR,$59098.44
621,Thurstan,Joerning,19,AK,$116352.74
622,Keene,Dewfall,37,MA,$140569.91
623,Agace,Hayhoe,44,FL,$182529.29
624,Barny,Mewis,83,OK,$106435.81
625,Sutton,Jaffrey,82,TX,$72463.63
626,Trix,Farrent,78,MI,$56662.32
627,Emmit,Ell,44,NM,$117582.25
628,Thurston,Rummin,60,VA,$94677.86
629,Forster,Odcroft,22,KS,$145993.17
630,Gerri,Le Pruvost,48,AK,$189445.59
631,Maximilien,Shird,45,CA,$94856.53
632,Niall,Corkan,16,KY,$60305.18
633,Nicola,Crickett,61,NY,$87629.56
634,Roch,Rival,29,TX,$38516.21
635,Avie,Linforth,82,TX,$188791.05
636,Stephannie,Bannerman,79,VA,$55851.69
637,Marrissa,Yeiles,39,NY,$163549.59
638,Dulce,Roycroft,38,CO,$31989.69
639,Shadow,Imlaw,60,IN,$148332.94
640,Kara-lynn,Enoch,48,FL,$132478.68
641,Yorgos,Kohrt,34,DE,$27352.05
642,Vanda,Reyner,56,CO,$23977.70
643,Wyndham,Woodyeare,50,GA,$27971.79
644,Brooks,Edgecombe,44,MI,$127155.65
645,Donnie,Earley,49,NE,$134640.32
646,Goober,Scoterbosh,86,TX,$115909.79
647,Gertrud,Morratt,89,AZ,$114692.13
648,Margret,Whitchurch,58,NM,$41809.96
649,Dory,Collyer,65,TX,$133536.10
650,Danita,Brou,70,FL,$198988.09
651,Jennilee,Saur,25,NJ,$128474.78
652,Tabor,Jodrellec,89,WA,$101145.89
653,Benedetta,Lago,91,NY,$137334.82
654,Son,Luipold,37,CA,$137313.77
655,Cornie,Dagnan,56,NC,$145312.37
656,Jocelin,Condell,87,CO,$78004.91
657,Florrie,Marconi,47,NC,$46619.43
658,Aguie,Hodgon,85,AZ,$164170.47
659,Ethan,Bohl,45,CA,$186715.33
660,Milt,Loosemore,84,CT,$39949.88
661,Dougy,Heffron,32,NJ,$192946.35
662,Russell,Vannar,23,AL,$23902.37
663,Dyana,Horsburgh,50,NY,$81076.93
664,Cate,Sargood,73,MO,$41729.28
665,Odele,Hartigan,67,OK,$31933.80
666,Barr,Cawood,63,OH,$104738.64
667,Cull,Kassidy,85,IA,$28315.28
668,Adrianne,Lathan,53,VA,$73965.33
669,Gusella,Saines,33,TX,$132735.44
670,Bucky,Collete,53,DC,$85248.83
671,Gertrude,Pollitt,40,TX,$84460.47
672,Alphard,Tomczykowski,44,NV,$45745.26
673,Quincey,McMorran,60,TN,$39768.93
674,Rodrick,Elmore,27,CA,$64072.95
675,Stern,McCann,87,MI,$37468.37
676,Gino,Klehn,36,VA,$136755.25
677,Heidie,Gilbert,62,WA,$49703.30
678,Poul,Sleigh,30,PA,$194766.36
679,Tab,Machin,49,TX,$193155.47
680,Burg,Duchesne,49,IL,$97358.54
681,Claudell,Bellhouse,82,MD,$159613.19
682,Ruthe,Smitherham,50,FL,$158421.45
683,Jacquette,Scruby,75,NC,$156578.62
684,Garfield,Heinecke,54,OR,$197572.92
685,Farrand,Raitie,89,FL,$176766.44
686,Joan,Jeandet,64,GA,$140971.28
687,Avictor,Brunicke,98,AL,$76865.36
688,Vida,Norval,17,LA,$94782.56
689,Kikelia,Ferrand,87,CA,$102608.58
690,Lina,Agastina,61,MA,$140872.79
691,Karylin,Avory,36,WV,$93630.73
692,Effie,Heeney,36,TN,$10131.57
693,Meredeth,Kedie,41,CO,$198408.98
694,Hannie,Curle,40,TX,$35378.17
695,Wenda,Mayhou,32,GA,$109210.57
696,Humphrey,Hanbury-Brown,63,CT,$119154.88
697,Erda,Dwire,76,VA,$64580.12
698,Glen,Kybbye,95,IN,$133007.49
699,Seumas,Comber,27,MA,$195530.00
700,Kimberli,Morville,83,MI,$92503.46
701,Jayson,Moorcroft,33,DC,$13193.29
702,Tricia,Breming,21,FL,$160203.64
703,Bartholomew,Beagan,48,CA,$34609.41
704,Oralee,Clulee,86,CA,$107790.47
705,Ebenezer,Luter,76,NM,$72560.26
706,Kennett,Sealeaf,28,OH,$35633.55
707,Sophronia,Patnelli,89,NE,$68990.06
708,Myrle,Rohmer,31,MO,$174043.32
709,Sonny,Bellard,29,MN,$71380.32
710,Venus,Moynihan,49,NY,$55809.05
711,Avie,Peevor,19,MI,$59333.88
712,Aile,Postlethwaite,90,KS,$70106.94
713,Griff,MacKinnon,90,PA,$172266.92
714,Welsh,Letchford,83,MI,$152314.25
715,Phil,Egalton,44,MO,$129537.49
716,Currey,Mariyushkin,70,VA,$61933.62
717,Frasier,Hosburn,29,GA,$106657.49
718,Nathalia,Garvey,83,DC,$154827.78
719,Guglielma,Fewell,77,NC,$49992.72
720,Mechelle,Cardinale,27,NC,$136995.68
721,Garnet,Burnhard,52,SC,$14347.36
722,Deerdre,Pinchin,44,SC,$55577.58
723,Sutton,Snow,55,TX,$115059.35
724,Christoper,Shute,27,IN,$194433.19
725,Orin,Aldrin,88,SD,$174161.41
726,Bryce,Jeskin,35,UT,$10980.76
727,Claudell,Thirst,93,FL,$179070.53
728,Siffre,Stevani,83,SC,$63181.91
729,Conni,Lusk,30,CO,$129210.49
730,Wenda,Biggam,38,NC,$17016.64
731,Clarissa,Rogister,21,OH,$22574.78
732,Darnall,Drummond,29,CO,$123031.25
733,Rois,Insole,41,NM,$96418.78
734,Giordano,Trebbett,64,TX,$186444.65
735,Dyana,McElmurray,16,KS,$60608.32
736,Eddie,Ferryman,66,AZ,$168458.70
737,Corrie,Sigert,44,SC,$27116.94
738,Ingmar,Pretley,99,MI,$123443.77
739,Kasper,Uc,59,NJ,$31610.98
740,Angelo,Bilfoot,47,MO,$171169.33
741,Benito,Yakunchikov,76,MO,$46212.43
742,Magnum,Missington,89,TX,$186651.77
743,Brandice,Geerling,53,OR,$74704.44
744,Mahalia,Lissemore,39,MO,$57082.03
745,Karla,Sowter,95,FL,$18688.20
746,Brandi,Schroeder,45,MN,$190122.70
747,Benoit,Ketteridge,99,PA,$80761.75
748,Meridith,Nestle,48,DC,$93527.97
749,Berke,Reeder,65,MD,$145577.21
750,Sander,Talman,43,WA,$112940.96
751,Avram,Logie,25,AL,$178990.37
752,Mischa,McCome,94,VA,$115828.53
753,Burnaby,Tosdevin,42,DC,$39551.62
754,Rodolfo,Bindin,66,TX,$182668.32
755,Ariana,Hanne,80,TX,$138812.21
756,Sabrina,Gallant,55,IL,$95946.49
757,Gustave,Heady,44,TX,$183567.89
758,Conrad,Willingale,27,MN,$38694.10
759,Harriette,Cranmere,34,PA,$95084.29
760,Vito,Svanetti,81,AK,$50711.73
761,York,Leppington,99,TX,$106500.45
762,Dionisio,Cockran,67,FL,$84954.69
763,Cesya,Ride,27,MO,$163957.31
764,Diarmid,Sumbler,72,CA,$190266.11
765,Darb,Coppens,67,FL,$47432.61
766,Em,Menary,54,CA,$81564.52
767,Brigid,Wyd,31,CA,$169049.28
768,Rad,Toward,33,TX,$198736.00
769,Mandi,McLaverty,17,FL,$176021.70
770,Gillan,Queyos,17,NY,$117806.31
771,Yurik,Sime,17,TX,$140119.24
772,Nolly,O'Keefe,90,FL,$61765.02
773,Lorrayne,Letford,53,DC,$45829.30
774,Raoul,Jacklin,65,MO,$45480.19
775,Devon,Edison,45,LA,$178373.56
776,Daisie,Bushe,31,OR,$64722.82
777,Germayne,Bonhome,67,IN,$42515.06
778,Kare,Eberz,93,GA,$76012.88
779,Ilise,Last,26,VA,$192189.03
780,Trev,Fermer,56,TN,$93831.92
781,Conan,Best,91,CA,$86733.75
782,Alejandro,Nucator,55,DC,$102013.64
783,Ignatius,Craighead,88,PA,$119708.26
784,Eliot,Innot,56,IN,$169329.92
785,Dora,Temby,38,CA,$114124.94
786,Josephina,Ollivier,81,PA,$141874.86
787,Candis,East,29,VA,$78892.38
788,Farlie,Sabates,69,FL,$44081.93
789,Abey,Tubble,24,LA,$76448.55
790,Gerta,Clew,33,FL,$149372.09
791,Alleyn,Wynch,75,NY,$13535.63
792,Dee,Bratchell,55,NY,$161540.09
793,Frasier,Parnby,61,NY,$100723.67
794,Cristal,Karczinski,32,PA,$35078.33
795,Tally,De la Feld,51,MI,$54603.29
796,Quent,Winspeare,87,CA,$41146.29
797,Daryl,Dury,66,KY,$132781.73
798,Deeyn,Couthard,26,TX,$191022.06
799,Querida,Willis,44,SC,$131265.57
800,Lancelot,Dysart,32,NY,$111697.51
801,Bastien,Gutch,65,CA,$56146.06
802,Danya,Zuann,68,CA,$61550.81
803,Tildy,Jankovsky,73,NY,$14189.84
804,Silvia,Ferriday,38,OK,$75534.22
805,Jewel,Simkins,67,TN,$130833.70
806,Ab,Smouten,71,TX,$177791.97
807,Moise,Gynni,17,FL,$51971.18
808,Bonnibelle,Stiegars,88,NY,$134448.63
809,Selle,Stowgill,17,NY,$96687.46
810,Arliene,Nunnery,21,DC,$16095.63
811,Dorey,Avramov,59,NY,$161900.58
812,Paddie,Basnett,72,AL,$171843.02
813,Chip,Patroni,45,CA,$182135.48
814,Rene,Wyllis,52,CT,$170196.46
815,Paule,Nannini,70,CT,$96435.01
816,Tobias,Boatman,52,KY,$70622.76
817,Nadia,Tofful,58,NV,$155445.69
818,Otis,Ferrick,94,GA,$11766.39
819,Emmett,Bellon,81,DC,$196451.09
820,Stavro,Mc Queen,88,TX,$17376.37
821,Michaeline,Wallbridge,53,PA,$16488.09
822,Truda,Sarjant,96,WA,$141513.35
823,Seamus,Monnelly,24,IN,$19636.72
824,Lambert,Tomisch,81,IL,$166572.35
825,Janos,Gonnard,86,TX,$126782.39
826,Nero,Cathcart,81,MI,$180875.98
827,Mechelle,Halcro,48,AZ,$76456.02
828,Wain,Partener,76,CA,$50742.83
829,Gabbie,Menpes,89,IN,$125677.92
830,Nickolas,Dominick,88,FL,$157759.41
831,Orelia,Hollyland,50,CO,$26696.01
832,Carrissa,Yves,30,MD,$53855.29
833,Estel,Smythin,63,TX,$37721.23
834,Anabella,Ballsdon,85,TX,$15513.97
835,Alaine,Nesfield,81,GA,$171898.12
836,Hendrik,O'Cooney,80,LA,$21055.53
837,Domenico,Lammin,21,CA,$137554.99
838,Armstrong,Kleinhandler,33,CA,$94012.35
839,Allen,Sisnett,29,TX,$78490.69
840,Kelcie,Rowntree,70,FL,$58432.38
841,Batsheva,Banbridge,80,IN,$193396.28
842,Nehemiah,Fere,74,FL,$144473.95
843,Gussi,Lafflin,42,TX,$123078.73
844,Leanora,Purdon,56,FL,$28672.04
845,Randa,Sissons,72,KS,$135503.79
846,Filide,Cooke,69,GA,$159997.73
847,Stafford,Noirel,71,DC,$62252.74
848,Berne,Crapper,26,MA,$15009.14
849,Engracia,Bonehill,64,FL,$25367.17
850,Lil,Light,41,CA,$119118.13
851,Demeter,Bloodworth,76,CA,$116461.91
852,Jonah,Keenlyside,47,OK,$88157.60
853,Franciska,Russe,25,WI,$150594.31
854,Rickard,Dossettor,90,NY,$45066.74
855,Chere,Gasparro,19,IN,$113628.94
856,Obadiah,Reinbeck,58,OH,$103206.76
857,Buffy,Giovannini,55,OH,$20257.57
858,Oralee,Domnick,73,IN,$192980.73
859,Regine,Dei,25,CT,$158375.12
860,Barbi,Adran,62,KS,$107129.34
861,Lucho,Lannen,44,TX,$138583.01
862,Kyle,Fetteplace,28,TX,$33432.03
863,Bridie,Haddrill,99,PA,$107996.49
864,Maurice,Keelin,75,TX,$116563.61
865,Damita,Messom,52,CA,$29231.46
866,Verene,Moodie,97,MD,$143432.71
867,Jefferson,Carruth,43,NV,$173316.96
868,Polly,Paumier,40,VA,$66492.68
869,Hodge,Thunders,25,FL,$131313.69
870,Clarance,Beldan,49,MA,$162743.80
871,Leta,Krzyzowski,85,GA,$68679.76
872,Teena,Casburn,78,IL,$92950.91
873,Hamid,Willmett,87,KY,$125500.94
874,Wilt,Evitt,51,IN,$155309.01
875,Ambrose,Baldry,29,ND,$149536.65
876,Manolo,Kleiser,53,CA,$24534.86
877,Kristi,McMahon,35,NY,$68618.57
878,Henriette,Biset,64,NC,$139544.89
879,Michell,Szymoni,17,FL,$31572.00
880,Wally,Jaquin,30,CA,$89769.90
881,Mabelle,Maddy,17,SD,$106953.53
882,Norina,Sappson,42,VA,$188681.11
883,Janet,Eglin,25,VA,$125099.93
884,Abran,Dudley,77,VA,$159849.11
885,Jacklyn,Ortiga,67,CA,$88985.24
886,Kirstyn,Maberley,72,MN,$118455.89
887,Freddi,Drewell,71,OK,$26525.03
888,Joycelin,Garmons,73,TN,$185916.40
889,Kaleena,Breitler,35,TX,$149265.30
890,Estell,Scawen,99,CA,$65558.39
891,Bev,Garaghan,73,CA,$45276.40
892,Josy,Cruickshanks,49,CA,$145023.24
893,Francene,Valero,29,FL,$31840.34
894,Meredith,Brower,59,VA,$22024.65
895,Brooks,De Gregario,29,WA,$157865.89
896,Thibaud,Burgon,84,TX,$75475.45
897,Pip,Royans,98,IL,$85957.84
898,Johnathan,Pettican,73,DC,$58186.78
899,Trueman,Prise,48,TN,$162878.52
900,Jeanette,Argyle,58,OH,$149348.41
901,Ashien,Philippson,25,PA,$111933.05
902,Melanie,Gerty,93,MI,$151643.59
903,Innis,Bailes,90,LA,$89038.04
904,Dame,Chedgey,68,TX,$45590.93
905,Moira,Norree,44,NV,$120845.26
906,Rosella,Fildes,100,MN,$138789.45
907,Maritsa,Rohlfs,59,NC,$118968.97
908,Carree,Golland,98,SC,$188555.16
909,Stanislas,Groocock,68,CA,$174605.72
910,Emanuel,Batalle,72,TX,$44354.82
911,Malina,Francescozzi,31,NM,$106227.72
912,Brewer,Godmar,88,CA,$50081.61
913,Evyn,Roof,20,NV,$58579.25
914,Horten,McIlriach,38,MA,$26050.56
915,Say,Nafziger,30,MA,$190427.40
916,Adey,Van der Hoven,79,FL,$33912.32
917,Whitby,Stanex,92,CO,$71476.75
918,Aeriel,Selborne,17,CA,$56929.96
919,Teri,Halls,91,AL,$193342.69
920,Klara,Fargher,62,CA,$104778.20
921,Gil,Childes,95,TX,$85464.84
922,Buck,Antrum,32,MO,$58568.38
923,Francois,Aylesbury,35,OR,$90049.51
924,Gena,Pluthero,43,FL,$102219.29
925,Fifi,Byars,85,CA,$50479.45
926,Portie,Camock,48,TN,$25751.26
927,Ruthy,Smieton,77,IL,$48135.77
928,Tandi,Jeffes,88,WA,$97008.05
929,Jermaine,Pooley,91,AZ,$18805.30
930,Anna,Tomczynski,18,FL,$153720.17
931,Mandie,Domerq,33,AL,$88969.77
932,Pasquale,McIndoe,77,TN,$190952.80
933,Ailsun,Streeting,65,MO,$58385.37
934,Christyna,Daftor,78,TX,$126877.03
935,Elmo,Aulds,58,WI,$49745.47
936,Pauli,Spaxman,96,NM,$141619.78
937,Gus,Inder,82,AL,$162170.85
938,Lisette,Toplis,92,TX,$46523.02
939,Reena,Hayen,20,OH,$27347.18
940,Ced,Galero,96,TX,$125638.67
941,Bogey,Lapree,16,TX,$160200.42
942,Bernadina,Hassey,90,NE,$182761.73
943,Barron,Gardener,16,OH,$55833.33
944,Amberly,Bruford,96,NC,$162867.67
945,Fionnula,Noye,35,VA,$134508.81
946,Estel,Wyson,70,NV,$167683.67
947,Lani,Mc Faul,55,VA,$39260.18
948,Mohammed,Lodwick,42,MA,$122301.20
949,Robinet,Lowensohn,69,CT,$183663.25
950,Alena,McCrudden,21,DC,$52217.59
951,Hillier,Kale,94,CA,$22905.53
952,Mavra,Liccardo,69,DC,$122787.78
953,Margalo,Teresse,75,MA,$36673.18
954,Joan,Chilley,85,TN,$56368.88
955,Charyl,Sparkes,76,WA,$66597.47
956,Enriqueta,Skones,22,OR,$145669.98
957,Maria,Branche,42,IL,$32285.36
958,Ange,Windram,76,AZ,$24192.09
959,Eileen,Weond,47,FL,$129485.27
960,Jerry,Navarijo,66,UT,$196034.12
961,Jania,Borrows,20,TN,$23448.31
962,Maribeth,Maly,22,AL,$73367.85
963,Ximenez,Gorwood,35,NV,$143545.83
964,Mathian,Bransden,46,FL,$103853.58
965,Cindra,Swadden,41,FL,$191083.38
966,Garner,Gietz,75,TX,$147533.10
967,Ondrea,Cockshtt,73,NC,$81612.27
968,Rurik,Heinlein,55,MN,$30508.28
969,Rania,Gammidge,68,CT,$10824.09
970,Lucia,Peaddie,70,OR,$78078.60
971,Marnia,McGahy,60,AL,$22647.59
972,Farand,Auston,96,RI,$112215.50
973,Dallas,Fillery,27,LA,$109693.52
974,Dirk,Clunie,45,NY,$84142.96
975,Odette,Bottomore,84,NV,$117370.25
976,Ranice,Bodell,50,NC,$188441.00
977,Gloria,Bettenay,99,VA,$178179.26
978,Gherardo,Paulson,61,DC,$136007.25
979,Cosetta,Chelam,78,NE,$87035.00
980,Tades,Lehenmann,54,CA,$125141.32
981,Danna,Dmych,22,TX,$177676.45
982,Judie,Kienlein,34,OH,$73193.53
983,Eloisa,Keave,54,NC,$147141.80
984,Trev,Macauley,37,PA,$79999.39
985,Moll,Buse,76,UT,$101802.23
986,Retha,Roft,25,TX,$112258.25
987,Elisabeth,Crossby,74,AK,$96594.71
988,Eleni,Garrick,48,FL,$22331.89
989,Otis,McDowall,77,MI,$180993.49
990,Travers,Dewerson,92,CA,$174047.66
991,Tatum,Petrik,92,IL,$192798.80
992,Joeann,Janacek,44,NC,$74766.70
993,Barron,Crock,21,OR,$68128.16
994,Normie,Matson,48,NC,$41512.83
995,Simone,Izon,65,CA,$56260.99
996,Pace,Penson,89,FL,$29690.32
997,Susannah,Fishwick,24,FL,$67484.79
998,Fransisco,Launder,36,FL,$154632.71
999,Eugene,McWaters,73,LA,$72832.51
1000,Harwilll,Morat,60,PA,$31510.07
