1,Randolf,Hele,Polygender,Pittsburgh,Pennsylvania,10/16/1992,11.81,381.93
2,Adela,Dearle,Male,Baltimore,Maryland,09/28/1982,36.25,203.03
3,Frederik,Lowdwell,Male,Buffalo,New York,10/08/1992,41.32,362.26
4,Karlen,McGeouch,Polygender,Washington,District of Columbia,06/04/1982,47.14,199.98
5,Clerc,Fitchett,Agender,Des Moines,Iowa,08/29/1994,80.43,343.35
6,Ingelbert,Laxton,Female,Indianapolis,Indiana,05/20/2016,50.19,350.91
7,Ennis,Privost,Polygender,Kansas City,Missouri,12/30/2019,72.66,293.32
8,Ethelbert,Laurence,Genderfluid,Sioux Falls,South Dakota,05/26/1998,3.16,160.92
9,Dur,Lillico,Genderfluid,Evansville,Indiana,07/22/1982,32.46,225.47
10,Jessy,Woolis,Polygender,Bozeman,Montana,02/25/2012,17.69,262.23
11,Brigg,Swallwell,Bigender,North Little Rock,Arkansas,03/28/1993,28.36,387.63
12,Leesa,MacElane,Non-binary,Simi Valley,California,04/13/1993,70.7,391.73
13,Rog,Drummer,Genderfluid,Wichita,Kansas,11/23/2009,63.86,129.42
14,Mateo,Vasyaev,Male,Birmingham,Alabama,08/26/2009,19.67,117.86
15,Pollyanna,Whal,Bigender,Shawnee Mission,Kansas,01/26/2007,82.64,237.16
16,Wilhelmine,Cricket,Male,Scottsdale,Arizona,02/06/1980,35.6,246.8
17,Mirabella,Dingsdale,Bigender,Roanoke,Virginia,02/02/2017,41.69,325.39
18,Dehlia,Hundall,Male,Miami,Florida,10/27/1997,74.55,209.45
19,Antonella,Lumber,Polygender,Greenville,South Carolina,06/22/2012,4.04,357.88
20,Fritz,Gabits,Female,Fredericksburg,Virginia,06/20/1990,47.38,248.39
21,Kasper,McIlvenny,Genderfluid,Milwaukee,Wisconsin,09/07/1995,16.77,332.17
22,Johnna,Laugheran,Polygender,Waco,Texas,09/27/2013,64.09,152.58
23,Maryanna,McKue,Genderqueer,Boise,Idaho,10/26/2006,58.56,224.33
24,Todd,Pierce,Genderfluid,Atlanta,Georgia,11/11/1993,62.57,99.7
25,Maybelle,Tasseler,Male,Durham,North Carolina,02/01/1987,39.81,395.13
26,Layne,Comer,Genderfluid,Baton Rouge,Louisiana,10/12/1985,57.81,135.94
27,Drake,Hince,Female,Columbia,Missouri,02/23/1983,2.45,103.53
28,Tessa,Martignoni,Bigender,Tucson,Arizona,11/14/1994,21.77,93.38
29,Ellynn,Bahike,Male,Baltimore,Maryland,09/08/2014,24.59,248.21
30,Devin,Verlinden,Genderqueer,Phoenix,Arizona,06/17/1982,82.26,385.18
31,Alana,Jimpson,Non-binary,Chicago,Illinois,07/14/1991,37.17,212.63
32,Jesus,Girke,Genderfluid,Tulsa,Oklahoma,09/29/1980,66.72,240.54
33,Noach,Darbey,Genderfluid,Fort Myers,Florida,06/13/1985,10.49,336.14
34,Damon,Blown,Polygender,El Paso,Texas,11/09/2003,70.23,391.78
35,Lydie,Colhoun,Genderqueer,Billings,Montana,10/22/2004,73.69,326.16
36,Charissa,Eliet,Genderfluid,Stamford,Connecticut,06/10/1988,75.95,126.56
37,Pincas,Maxwale,Agender,Sacramento,California,12/23/2006,60.45,137.02
38,Karol,Jirasek,Male,Las Vegas,Nevada,11/21/2007,65.01,265.91
39,Penrod,Ollet,Agender,Tampa,Florida,05/07/1980,37.79,150.42
40,Link,Kasbye,Female,Aiken,South Carolina,05/28/2017,55.64,333.61
41,Frans,Cereceres,Male,Hyattsville,Maryland,04/07/2000,43.38,290.05
42,Sherline,Coper,Male,Mobile,Alabama,03/11/2010,65.96,209.37
43,Lotte,Fuentes,Male,Lansing,Michigan,09/15/1986,83.09,392.77
44,Angy,Lindop,Genderqueer,Chicago,Illinois,12/24/1980,10.01,275.02
45,Gran,Doull,Polygender,Corpus Christi,Texas,07/05/2019,66.2,292.2
46,Olga,Piggens,Non-binary,Battle Creek,Michigan,09/15/1987,18.41,370.74
47,Noel,Jouannisson,Female,Sacramento,California,06/10/1986,78.89,277.28
48,Westley,Filipowicz,Male,Saint Cloud,Minnesota,04/06/2005,21.68,175.97
49,Babb,Cains,Agender,Young America,Minnesota,01/28/2003,34.8,149.03
50,Putnem,Iacobucci,Male,Saint Joseph,Missouri,05/20/2001,52.58,255.42
51,Sadie,Cracoe,Non-binary,Washington,District of Columbia,12/07/2012,64.33,326.82
52,Juliana,Beedie,Genderqueer,Omaha,Nebraska,03/15/2018,13.89,237.61
53,Fredra,Onge,Bigender,Los Angeles,California,09/02/2013,48.72,392.59
54,Joscelin,Durdan,Female,Akron,Ohio,05/23/2013,68.32,136.14
55,Trixi,Paton,Bigender,Boise,Idaho,06/05/1999,48.68,362.75
56,Carlie,Aspey,Genderqueer,New Orleans,Louisiana,01/09/1985,37.52,270.84
57,Olympia,Pollen,Female,Amarillo,Texas,12/12/1985,19.61,111.78
58,Bastian,Samarth,Genderqueer,Miami,Florida,07/30/1980,52.41,93.83
59,Annmarie,Choffin,Polygender,Houston,Texas,12/28/1991,20.67,397.05
60,Allyce,Huggins,Male,Greensboro,North Carolina,02/03/2009,76.83,325.57
61,Leroi,Toseland,Male,Topeka,Kansas,01/09/1994,7.21,161.43
62,Gayler,Elsley,Agender,Inglewood,California,08/01/2019,12.55,136.68
63,Sioux,Ofen,Polygender,Wilkes Barre,Pennsylvania,03/02/2006,66.3,217.93
64,Josee,Bachmann,Bigender,Clearwater,Florida,11/16/2016,44.68,394.48
65,Fairfax,Carnegy,Genderqueer,Anderson,South Carolina,09/05/2008,34.65,190.96
66,Basilio,McCudden,Non-binary,Arlington,Texas,08/26/2011,41.55,169.46
67,Irving,Lethbrig,Non-binary,Waterbury,Connecticut,12/14/1998,3.89,201.39
68,Brenn,Kilgallon,Female,Naples,Florida,05/29/2012,28.19,282.31
69,Burke,Skatcher,Agender,Las Vegas,Nevada,07/01/2016,48.6,369.62
70,Trula,Seniour,Female,New York City,New York,07/02/2012,37.01,363.88
71,Verina,Revitt,Non-binary,Tulsa,Oklahoma,02/21/2018,24.69,148.15
72,Johnny,Bantick,Genderfluid,Detroit,Michigan,07/07/1992,34.56,264.34
73,Gretchen,Attew,Agender,Springfield,Missouri,11/16/1992,12.04,99.3
74,Falito,Meeking,Genderfluid,Fort Wayne,Indiana,02/07/2020,82.81,225.84
75,Godard,Knok,Non-binary,Bronx,New York,11/15/1996,56.15,390.92
76,Rozalin,Jewess,Polygender,Hot Springs National Park,Arkansas,02/15/2007,50.41,290.35
77,Salomo,Lexa,Bigender,Van Nuys,California,03/22/1981,80.08,264.64
78,Rickert,Lanfear,Polygender,Montgomery,Alabama,06/23/1989,83.91,331.69
79,Moll,Hanmer,Female,Wilmington,Delaware,09/18/1986,74.64,382.43
80,Lee,Caddens,Female,Bloomington,Illinois,04/17/1990,27.34,286.43
81,Carilyn,Whenman,Non-binary,Saint Louis,Missouri,04/13/2015,81.09,238.96
82,Cherilynn,Howle,Genderqueer,Washington,District of Columbia,07/11/1983,47.6,134.13
83,Emmi,Tarn,Polygender,Pensacola,Florida,12/29/1993,79.67,144.62
84,Clevie,Allbut,Genderqueer,Fort Worth,Texas,06/15/1987,62.73,118.98
85,Letta,Possa,Male,Cincinnati,Ohio,03/14/2005,25.51,254.5
86,Logan,Shepherdson,Agender,Saint Petersburg,Florida,05/04/2004,75.05,197.96
87,Chanda,Solley,Female,San Jose,California,08/23/2006,73.4,246.95
88,Sigfried,Shakelade,Agender,Los Angeles,California,01/11/1982,29.69,111.1
89,Kipp,Philbin,Genderqueer,Des Moines,Iowa,11/09/2015,82.33,310.42
90,Ravi,Elan,Polygender,Salt Lake City,Utah,08/04/2015,58.75,182.77
91,Cletis,Tackell,Bigender,Kansas City,Kansas,02/23/2005,29.55,369.74
92,Wildon,Pleat,Female,Jersey City,New Jersey,03/03/1985,41.44,92.79
93,Micky,Yarnell,Non-binary,Las Vegas,Nevada,08/10/2010,74.77,352.49
94,Tuesday,Stapylton,Genderqueer,Santa Cruz,California,01/16/1989,38.73,370.09
95,Connie,Chatenet,Male,Colorado Springs,Colorado,07/23/2006,35.69,392.58
96,Pattie,Root,Bigender,Katy,Texas,05/25/2008,74.6,181.02
97,Manda,Walkey,Non-binary,Memphis,Tennessee,03/20/2011,6.28,158.28
98,Lazar,Magovern,Polygender,Salt Lake City,Utah,06/02/1999,32.92,129.08
99,Marin,Ommundsen,Bigender,Brooksville,Florida,10/21/2003,46.28,394.08
100,Sanderson,Foyster,Male,Fayetteville,North Carolina,12/31/1991,54.03,259.75
101,Kennith,Fautley,Female,Boston,Massachusetts,08/07/1995,41.02,101.85
102,Kipper,Prate,Bigender,Houston,Texas,12/29/2000,5.31,365.15
103,Gilli,Martensen,Agender,Wichita,Kansas,11/04/1986,16.49,344.15
104,Antoinette,Boreham,Agender,Sacramento,California,10/22/1989,8.18,237.34
105,Halette,Lightbourne,Genderqueer,Oklahoma City,Oklahoma,02/29/2008,36.26,278.71
106,Horace,Verick,Female,Boston,Massachusetts,08/25/2000,23.49,104.49
107,Ogdan,Daily,Male,Bronx,New York,07/05/1993,13.92,238.71
108,Braden,Watt,Genderqueer,Canton,Ohio,10/14/1982,40.73,182.04
109,Michell,Creany,Female,Washington,District of Columbia,02/06/1998,81.62,372.31
110,Serge,Aspey,Male,Columbus,Ohio,10/31/1999,50.76,306.79
111,Tamarah,Ecles,Male,Naples,Florida,05/13/1992,21.29,104.23
112,Rosmunda,Akeherst,Polygender,Little Rock,Arkansas,04/14/2007,56.64,387.13
113,Kristien,Cockings,Polygender,New Orleans,Louisiana,01/28/2003,15.0,233.25
114,Nathanial,Sturton,Genderqueer,Conroe,Texas,05/17/2014,66.68,169.34
115,Vanya,Hugonin,Polygender,Sioux City,Iowa,12/20/1998,12.37,320.64
116,Caria,Leathwood,Agender,Portland,Oregon,05/19/2010,5.3,271.23
117,Isabeau,Pittson,Genderfluid,New York City,New York,05/22/1999,60.83,90.13
118,Madalyn,Cremin,Polygender,Anniston,Alabama,06/22/1984,25.01,220.94
119,Selia,Valler,Non-binary,Los Angeles,California,05/18/2011,66.96,327.38
120,Beale,Tagg,Non-binary,Buffalo,New York,02/23/2001,79.99,199.04
121,Austen,Sprigin,Polygender,Virginia Beach,Virginia,09/17/1988,41.25,352.02
122,Mechelle,Pimme,Agender,Reading,Pennsylvania,09/23/2015,15.87,169.67
123,Lucia,Heales,Polygender,Fresno,California,01/27/1997,39.47,323.0
124,Veradis,Bentame,Agender,Austin,Texas,04/01/1998,40.83,165.19
125,Alvie,Johnston,Agender,Dallas,Texas,01/05/1988,49.44,217.08
126,Eb,McTurley,Genderqueer,Wilmington,North Carolina,09/13/2007,40.16,140.81
127,Townsend,Toby,Genderqueer,Atlanta,Georgia,01/14/1985,41.28,273.66
128,Clement,Kaubisch,Female,Waterbury,Connecticut,06/13/2000,83.19,92.75
129,Easter,Phillott,Agender,Denver,Colorado,06/18/1994,54.14,137.92
130,Miof mela,Maple,Genderqueer,Tyler,Texas,05/29/1988,32.14,99.26
131,Laurie,Amis,Polygender,Los Angeles,California,11/25/2012,18.22,307.41
132,Erminia,Hubbis,Male,San Francisco,California,02/08/2006,54.97,180.06
133,Carlotta,Hallworth,Genderfluid,Petaluma,California,02/28/1984,82.91,372.33
134,Vanya,Faccini,Male,El Paso,Texas,09/30/2020,64.31,252.74
135,Sal,Pashenkov,Genderfluid,Orlando,Florida,10/17/1982,63.63,325.19
136,Winfred,Vowdon,Genderqueer,Saint Louis,Missouri,07/20/1999,30.32,140.98
137,Jen,Bessey,Female,Dayton,Ohio,04/14/2010,73.24,240.53
138,Merrilee,Pledge,Female,Lansing,Michigan,07/08/2011,66.59,331.67
139,Craig,Yarnell,Bigender,Miami,Florida,08/17/2001,67.35,166.76
140,Jacquelynn,Dyett,Polygender,Springfield,Illinois,03/08/1991,68.35,133.29
141,Giovanna,Whiff,Agender,Alexandria,Virginia,11/27/2013,13.65,192.57
142,Fernando,Franceschino,Non-binary,Dallas,Texas,07/09/1981,34.46,238.74
143,Phebe,Rannigan,Male,San Antonio,Texas,07/03/2000,12.82,251.51
144,Felix,Sunderland,Male,Sacramento,California,12/24/2020,26.84,162.03
145,Gradeigh,Shelley,Female,Lincoln,Nebraska,07/12/1983,4.92,166.99
146,Ginnifer,Kopec,Bigender,Asheville,North Carolina,08/29/1996,34.89,228.23
147,Meara,Crosse,Agender,Las Vegas,Nevada,04/28/2020,58.6,329.29
148,Mathew,Armand,Non-binary,Spring Hill,Florida,09/06/2020,64.54,297.01
149,Hermann,Reedick,Male,Waltham,Massachusetts,12/02/1983,54.58,252.95
150,Marge,Tyrwhitt,Non-binary,Florence,South Carolina,06/06/1986,43.83,376.92
151,Ruthann,Banyard,Agender,Lexington,Kentucky,01/31/1988,9.28,263.65
152,Lonnard,Mulchrone,Bigender,Las Vegas,Nevada,07/26/1991,68.23,296.42
153,Tammara,L' Estrange,Agender,Houston,Texas,07/06/2017,22.01,130.03
154,Daffie,Buddell,Polygender,Pittsburgh,Pennsylvania,09/23/2019,35.52,150.55
155,Torrin,Breitling,Polygender,Indianapolis,Indiana,04/25/1982,50.76,327.61
156,Yorgos,Bertson,Polygender,Wilmington,Delaware,02/29/1980,60.18,92.5
157,Tiebout,Keattch,Non-binary,West Palm Beach,Florida,11/29/2005,67.23,238.13
158,Merrill,Acom,Genderfluid,Minneapolis,Minnesota,01/13/1983,47.23,306.29
159,Clemmy,Bridges,Bigender,Washington,District of Columbia,12/23/2012,55.26,119.68
160,Allin,Wickersham,Non-binary,Louisville,Kentucky,10/20/2008,28.91,253.26
161,Averil,Hallin,Male,Miami,Florida,06/21/2004,36.21,312.56
162,Sari,Machin,Genderfluid,Indianapolis,Indiana,06/11/2013,43.43,298.01
163,Jacquette,Ladbrook,Female,Tampa,Florida,02/24/1997,64.59,391.13
164,Rancell,Bertson,Agender,Saint Petersburg,Florida,10/23/1996,30.27,201.67
165,Mireielle,Sissens,Agender,Long Beach,California,04/27/2017,23.61,136.97
166,Hedy,Spurdens,Agender,Chattanooga,Tennessee,06/30/2011,61.75,387.33
167,Josselyn,Scoble,Agender,Miami,Florida,07/30/1990,40.25,295.32
168,Sisely,Sedgefield,Male,Erie,Pennsylvania,05/10/1998,46.51,244.54
169,Jobi,Hartlebury,Genderqueer,Chicago,Illinois,06/23/1981,13.73,349.37
170,Gweneth,Windrus,Agender,Roanoke,Virginia,07/19/2011,10.27,342.9
171,Grete,Stachini,Non-binary,Salt Lake City,Utah,06/19/1999,27.49,98.55
172,Arlina,Ducker,Male,Sacramento,California,12/24/1990,7.81,276.17
173,Burty,Bantock,Female,San Antonio,Texas,03/04/1997,14.77,288.62
174,Huntington,Abrahami,Polygender,Tulsa,Oklahoma,04/04/2006,30.47,266.77
175,Knox,Bernlin,Female,Phoenix,Arizona,12/21/2007,43.09,327.78
176,Whitman,Bolden,Non-binary,Provo,Utah,12/11/1997,7.84,324.54
177,Jordon,Bedin,Bigender,Harrisburg,Pennsylvania,03/05/1989,37.03,128.24
178,Analise,Delhanty,Polygender,Indianapolis,Indiana,10/08/2010,28.74,209.45
179,Flin,Patington,Genderqueer,Florence,South Carolina,09/15/2000,42.78,317.27
180,Jsandye,Dumphrey,Bigender,Charlotte,North Carolina,11/16/2013,19.83,391.73
181,Derril,Skevington,Agender,Miami,Florida,08/04/1988,2.94,300.47
182,Paddy,McPaik,Non-binary,Abilene,Texas,08/19/1995,14.04,374.44
183,Shalne,Posner,Male,Flushing,New York,12/25/2008,54.72,300.22
184,Sandy,Baillie,Female,Augusta,Georgia,08/20/1987,71.02,334.13
185,Elsie,Hudless,Bigender,Las Vegas,Nevada,02/22/1980,17.06,176.28
186,Merralee,Brewett,Male,High Point,North Carolina,02/24/1987,25.73,227.13
187,Antonia,Wasling,Bigender,Memphis,Tennessee,11/03/1996,34.8,256.29
188,Tab,Petruskevich,Genderfluid,Naples,Florida,02/01/1992,32.64,363.45
189,Jilly,Dormand,Male,Memphis,Tennessee,01/30/2011,58.66,252.17
190,Iago,Goves,Male,Colorado Springs,Colorado,05/31/2016,19.86,268.46
191,Hugo,Tumasian,Genderqueer,Charleston,South Carolina,03/01/1991,26.6,154.9
192,Brinn,Skatcher,Female,Charleston,South Carolina,07/02/1985,83.61,384.81
193,Luce,Rew,Genderqueer,Evansville,Indiana,08/25/2007,63.91,249.37
194,Trisha,Fabler,Genderfluid,Tacoma,Washington,01/27/1989,47.82,349.6
195,Sarene,Tearle,Non-binary,Van Nuys,California,07/28/2002,48.06,102.06
196,Bartolemo,Gulberg,Polygender,Honolulu,Hawaii,11/17/1983,36.56,191.13
197,Sela,Oneil,Polygender,Daytona Beach,Florida,11/14/1993,12.8,370.15
198,Si,Bonass,Bigender,Irvine,California,01/31/1982,50.3,354.49
199,Edwin,Coping,Non-binary,Jacksonville,Florida,01/07/2016,61.99,321.74
200,Romy,Bruce,Non-binary,Washington,District of Columbia,12/03/1995,64.36,234.12
201,Galvan,Osbaldstone,Genderfluid,Gatesville,Texas,04/19/2002,48.47,98.2
202,Sander,Oloshin,Non-binary,Washington,District of Columbia,12/28/2007,39.65,390.7
203,Nerti,Carlick,Agender,Fort Smith,Arkansas,07/24/1982,66.86,136.09
204,Rosalia,Case,Male,Cedar Rapids,Iowa,01/05/1980,20.97,164.42
205,Shana,Birk,Genderqueer,Buffalo,New York,04/16/1997,2.75,135.81
206,Wally,Sybry,Agender,New York City,New York,12/13/2004,83.95,107.6
207,Paige,Siccombe,Genderfluid,Pittsburgh,Pennsylvania,12/01/1991,1.44,203.08
208,Idelle,Downham,Non-binary,San Jose,California,08/18/2011,71.97,346.52
209,Kara,Loan,Non-binary,Charlotte,North Carolina,02/22/2009,26.51,174.25
210,Sallie,Double,Genderfluid,Tampa,Florida,12/26/2015,5.36,145.2
211,Tiphany,Tattersall,Genderqueer,Lansing,Michigan,09/06/1995,6.22,200.58
212,Hakim,Rising,Female,Fort Worth,Texas,04/09/1999,82.79,107.68
213,Henka,Winney,Genderqueer,Bloomington,Indiana,03/09/2006,75.04,215.7
214,Dore,Fosher,Genderqueer,Norfolk,Virginia,04/14/1987,68.73,231.99
215,Delilah,Fortey,Non-binary,Stockton,California,05/12/2016,76.38,95.9
216,Willi,Crossfeld,Non-binary,Salt Lake City,Utah,11/22/2005,40.7,113.07
217,Addi,Kiddy,Female,Kansas City,Missouri,07/13/1995,35.07,325.98
218,Rockey,Culbert,Polygender,Chesapeake,Virginia,10/25/1988,67.79,369.01
219,Keane,Sofe,Polygender,Tucson,Arizona,09/04/1986,62.25,391.78
220,Carolynn,Saggs,Agender,Jamaica,New York,10/27/1997,32.14,108.76
221,Ann-marie,Flucker,Polygender,Portland,Oregon,09/07/1999,80.11,337.07
222,Parrnell,Harnwell,Genderfluid,Vero Beach,Florida,10/22/2007,33.24,128.84
223,Isabel,Devanny,Genderfluid,Glendale,Arizona,10/30/1980,81.9,164.02
224,Freemon,Fouch,Female,Atlanta,Georgia,06/23/2018,28.26,299.85
225,Kathrine,Santer,Non-binary,Ashburn,Virginia,11/27/1982,36.48,227.78
226,Dallas,Mc Curlye,Male,Charlotte,North Carolina,03/30/1994,25.09,196.86
227,Isaac,Attew,Agender,Spokane,Washington,07/24/1993,35.01,212.01
228,Clayborne,Hasney,Female,Washington,District of Columbia,07/02/1981,18.64,309.46
229,Allyson,Decort,Agender,Atlanta,Georgia,11/26/2013,69.71,123.13
230,Ty,Giles,Bigender,Anaheim,California,10/24/2010,2.22,115.16
231,Riva,Allans,Non-binary,Baltimore,Maryland,04/01/2005,8.38,218.33
232,Danya,Kupker,Genderfluid,Saint Petersburg,Florida,03/29/1984,26.01,384.41
233,Swen,Killiner,Male,Atlanta,Georgia,09/20/1998,75.93,286.15
234,Ethe,Belchamber,Genderfluid,New York City,New York,12/24/2014,51.09,194.13
235,Daisey,Oller,Non-binary,Plano,Texas,01/19/2021,47.86,267.24
236,Flor,Cholmondeley,Genderqueer,Philadelphia,Pennsylvania,06/17/2006,3.27,333.27
237,Jone,Devo,Agender,Las Vegas,Nevada,07/12/1985,18.09,155.56
238,Adelbert,Chance,Genderqueer,Pittsburgh,Pennsylvania,09/17/1983,23.89,219.22
239,Taber,Jewes,Male,Buffalo,New York,05/23/1987,52.6,174.96
240,Ebba,Pegler,Male,Sacramento,California,07/08/2003,46.49,239.96
241,Ediva,Bayliss,Female,San Bernardino,California,05/06/1985,76.64,194.24
242,Benoit,Aymer,Male,Miami Beach,Florida,10/21/2016,82.1,270.8
243,Rosene,Witard,Bigender,Des Moines,Iowa,01/08/1991,74.67,371.85
244,Antonina,Havelin,Polygender,El Paso,Texas,01/02/1993,36.86,355.56
245,Sigismundo,Winsome,Female,Fairfield,Connecticut,12/11/2001,66.83,238.18
246,Andonis,Throssell,Non-binary,Honolulu,Hawaii,08/13/1993,82.44,237.7
247,Liv,Sotworth,Genderqueer,Tacoma,Washington,06/22/1998,42.84,161.44
248,Bartholemy,Croxford,Genderqueer,Pasadena,California,09/17/1987,77.23,199.12
249,Tobit,Batecok,Male,Yonkers,New York,11/10/2005,63.32,176.41
250,Korey,Hargrove,Genderfluid,Marietta,Georgia,07/22/2020,9.32,203.63
251,Tessy,Kleinhandler,Female,Bakersfield,California,08/25/1985,75.54,277.88
252,Celka,Skyrme,Non-binary,Houston,Texas,02/26/2008,51.76,175.73
253,Josy,Acton,Genderfluid,Dayton,Ohio,09/26/1992,42.36,273.48
254,Drugi,Vassman,Polygender,Baton Rouge,Louisiana,12/20/2010,65.11,147.58
255,Onofredo,Glisenan,Bigender,Washington,District of Columbia,07/19/2015,62.72,117.46
256,Harrie,Louisot,Male,Aurora,Illinois,11/07/2005,7.39,117.46
257,Dix,Glinde,Non-binary,Miami,Florida,04/20/2009,10.42,121.67
258,Jonah,Fatharly,Polygender,Redwood City,California,08/29/2019,71.58,174.11
259,Eddie,Banville,Genderqueer,Riverside,California,07/05/2012,62.56,237.38
260,Bettine,Sorrill,Male,Trenton,New Jersey,10/04/2001,66.11,216.61
261,Yule,Cawthorne,Polygender,Albany,New York,08/09/1993,41.28,371.52
262,Masha,Flann,Genderqueer,Springfield,Missouri,03/06/2002,50.46,244.79
263,Lesya,Howsin,Genderfluid,Oklahoma City,Oklahoma,04/29/1981,4.02,310.42
264,Brody,Huckfield,Polygender,Baton Rouge,Louisiana,11/22/1987,34.98,222.78
265,Maxy,McKilroe,Polygender,Washington,District of Columbia,02/04/2013,45.61,307.63
266,Layton,Varley,Male,Washington,District of Columbia,12/22/1987,45.32,249.36
267,Abbey,Flanaghan,Agender,Fort Lauderdale,Florida,12/13/1997,20.36,201.72
268,Marj,Colton,Agender,Moreno Valley,California,10/28/2002,28.21,321.11
269,Liana,Gewer,Agender,Charleston,West Virginia,01/09/2003,82.79,366.21
270,Tiphani,Chitter,Non-binary,Salem,Oregon,11/16/2011,32.82,343.64
271,Sibylla,Evers,Agender,Springfield,Missouri,09/13/2003,20.25,399.52
272,Amitie,Marques,Bigender,Columbia,Missouri,06/01/2005,63.75,127.79
273,Colet,Arunowicz,Polygender,Atlanta,Georgia,10/04/2009,34.6,287.67
274,Coraline,Weston,Genderfluid,Denton,Texas,01/11/2007,15.51,353.07
275,Brody,Wathen,Female,Sioux Falls,South Dakota,02/27/1994,37.31,171.14
276,Addison,Patrickson,Bigender,Naples,Florida,08/10/1985,28.72,374.49
277,Remy,Leys,Bigender,Houston,Texas,06/21/1980,28.11,272.77
278,Odey,Burn,Male,Youngstown,Ohio,07/24/2015,39.91,270.48
279,Clarie,Strelitz,Male,North Las Vegas,Nevada,11/29/1992,59.36,148.88
280,Raffaello,Bartoszek,Male,Santa Monica,California,10/04/2009,26.66,250.88
281,Arron,Menere,Male,Atlanta,Georgia,06/02/2018,73.81,297.07
282,Clovis,De Freyne,Non-binary,Washington,District of Columbia,05/15/2001,61.65,345.55
283,Lazar,Diegan,Male,Joliet,Illinois,11/14/1987,8.61,298.66
284,Collete,Guillon,Male,Lafayette,Louisiana,08/07/2010,39.96,266.25
285,Garv,Fero,Bigender,Lansing,Michigan,11/12/1986,50.37,388.09
286,Diane-marie,Double,Bigender,Louisville,Kentucky,03/17/2019,26.93,243.83
287,Finlay,Atwood,Female,Kansas City,Missouri,04/26/2015,66.92,106.45
288,Mervin,Ewbanks,Agender,Evansville,Indiana,09/11/2020,61.03,325.46
289,Miran,Joysey,Agender,Buffalo,New York,03/11/1996,57.28,108.09
290,Mel,Shergill,Genderqueer,Lexington,Kentucky,12/28/1993,20.53,289.56
291,Fritz,Breslin,Bigender,North Little Rock,Arkansas,09/21/2002,57.4,387.18
292,Corilla,Huxton,Genderfluid,Warren,Ohio,06/05/2010,12.5,306.7
293,Bartholomeo,Huxham,Genderqueer,Bakersfield,California,10/14/2013,51.51,398.6
294,Kennett,Waterland,Male,Saint Paul,Minnesota,06/11/2003,42.48,252.15
295,Madalyn,Ketcher,Polygender,Sacramento,California,04/05/2018,32.31,178.09
296,Christie,Brignell,Female,San Antonio,Texas,10/15/1996,18.19,238.61
297,Jeralee,Northrop,Polygender,Greensboro,North Carolina,07/06/2009,29.24,166.53
298,Uri,Barby,Bigender,Allentown,Pennsylvania,03/07/2017,78.28,308.31
299,Xerxes,Cutting,Male,Jackson,Mississippi,10/10/2005,65.03,207.1
300,Judon,Rustedge,Genderqueer,Flint,Michigan,09/02/1988,67.37,147.02
301,Tammy,Overlow,Agender,Baton Rouge,Louisiana,11/26/1997,40.02,131.85
302,Shelton,Langman,Polygender,Tuscaloosa,Alabama,07/06/2019,4.18,158.31
303,Bearnard,Frift,Agender,Huntington,West Virginia,05/25/1989,55.27,240.99
304,Alfy,Porson,Genderqueer,Charlotte,North Carolina,08/22/2020,65.96,110.9
305,Peri,Lambard,Polygender,Silver Spring,Maryland,04/24/1980,4.54,248.86
306,Stacee,Yeeles,Non-binary,Terre Haute,Indiana,02/10/1980,2.47,379.47
307,Ferrel,Hatfield,Non-binary,San Diego,California,04/14/1997,76.76,290.47
308,Whitman,McIllroy,Polygender,Syracuse,New York,07/08/2016,6.06,153.72
309,Carole,Deme,Non-binary,New Haven,Connecticut,03/14/2010,15.48,318.25
310,Flore,De Cleen,Non-binary,Orlando,Florida,07/08/1992,22.33,151.58
311,Tina,Geipel,Female,Lima,Ohio,07/09/2016,36.75,136.02
312,Davida,Balston,Genderqueer,Oklahoma City,Oklahoma,11/10/1980,12.23,143.02
313,Daren,Tinline,Polygender,San Diego,California,07/17/1992,12.35,302.92
314,Ines,Arrowsmith,Female,Birmingham,Alabama,02/02/1993,82.24,318.09
315,Benedick,Bernardon,Female,Boston,Massachusetts,06/06/2010,19.9,251.18
316,Niel,Bruyntjes,Polygender,Paterson,New Jersey,11/24/2013,43.73,347.86
317,Francine,Havelin,Genderqueer,San Antonio,Texas,05/28/1990,15.67,327.07
318,Brandy,Ashton,Female,Charlotte,North Carolina,12/11/2009,29.43,195.51
319,Anatol,Paddefield,Male,Bellevue,Washington,09/26/2002,57.54,233.22
320,Rozele,Marrill,Male,Washington,District of Columbia,01/21/1986,52.73,354.53
321,Rozelle,Duligall,Bigender,Washington,District of Columbia,01/01/1988,24.16,206.3
322,Maxie,Arderne,Agender,Bronx,New York,11/30/1982,63.1,98.86
323,Marty,Burnyeat,Female,San Diego,California,05/20/1990,73.98,92.52
324,Laurie,Buske,Agender,Portsmouth,Virginia,02/21/2006,43.15,230.4
325,Roi,Burgin,Genderfluid,Migrate,Kentucky,02/08/2001,47.7,315.38
326,Murdoch,Dewer,Genderqueer,Lincoln,Nebraska,11/19/2014,15.22,212.56
327,Torr,Manchett,Genderfluid,North Las Vegas,Nevada,05/08/2005,65.03,273.1
328,Catrina,Petrol,Non-binary,Chattanooga,Tennessee,07/13/1989,76.3,199.94
329,Kory,Skill,Female,New York City,New York,11/04/2017,24.7,95.11
330,Toby,Curbishley,Non-binary,Prescott,Arizona,07/11/1991,16.88,191.46
331,Xerxes,Callway,Agender,San Diego,California,07/28/1997,74.76,176.99
332,Gunner,Rodriguez,Female,Chicago,Illinois,11/03/2011,52.04,318.87
333,Alwyn,Duplock,Genderfluid,Utica,New York,01/29/1984,48.21,214.38
334,Linzy,Diver,Genderfluid,Toledo,Ohio,01/26/1980,67.88,123.69
335,Sly,Espy,Genderqueer,Chattanooga,Tennessee,10/27/2003,72.93,382.05
336,Emiline,Gleave,Bigender,New York City,New York,11/03/1993,76.31,100.58
337,Kelsey,Britee,Genderfluid,Southfield,Michigan,08/24/1992,3.95,301.46
338,Cloe,Rubinowitch,Genderfluid,Tampa,Florida,10/27/2016,82.55,111.92
339,Donnell,Desorts,Bigender,Canton,Ohio,02/21/1991,14.56,299.61
340,Moishe,Durdle,Genderqueer,Lansing,Michigan,09/26/1998,19.15,139.31
341,Zebadiah,Acomb,Female,Birmingham,Alabama,07/01/1987,72.76,293.18
342,Junie,Rishbrook,Genderfluid,Paterson,New Jersey,04/07/1981,61.64,142.36
343,Eddi,Hune,Male,Macon,Georgia,02/04/1982,8.12,107.63
344,Fransisco,Janowicz,Polygender,Reno,Nevada,12/01/2012,78.42,394.49
345,Carny,Hulburt,Polygender,Louisville,Kentucky,11/11/1985,5.51,300.4
346,Sonnie,Kewzick,Non-binary,Youngstown,Ohio,03/14/1984,36.17,110.62
347,Kakalina,Brouard,Male,Minneapolis,Minnesota,05/28/1988,68.43,328.61
348,Delilah,Kobpac,Non-binary,Washington,District of Columbia,07/26/1999,25.02,190.67
349,Inigo,Landre,Female,Las Vegas,Nevada,06/20/2005,66.51,243.65
350,Maure,Kleuer,Female,Columbus,Ohio,08/23/2002,14.67,102.76
351,Abbe,Hallifax,Polygender,Glendale,California,07/03/2016,44.41,350.08
352,Jannelle,Poinsett,Male,Nashville,Tennessee,07/16/2011,73.08,312.09
353,Addi,Flight,Genderfluid,New Haven,Connecticut,06/25/2016,46.58,326.28
354,Man,Dowdney,Male,Miami,Florida,12/14/2016,66.31,329.88
355,Trumaine,Anthonsen,Genderqueer,Paterson,New Jersey,10/03/1984,64.18,105.39
356,Vivia,Hugo,Genderfluid,San Antonio,Texas,06/21/1986,77.61,364.21
357,Steffen,Castletine,Non-binary,Springfield,Massachusetts,03/29/1999,21.0,367.08
358,Mady,Favela,Non-binary,Washington,District of Columbia,08/11/2006,34.98,357.55
359,Allayne,Breed,Polygender,Monticello,Minnesota,03/06/2013,21.66,331.5
360,Emeline,Hanselmann,Agender,Anaheim,California,06/15/2014,22.95,367.86
361,Carmelita,McArd,Polygender,Wichita,Kansas,02/12/1994,83.47,119.54
362,Morse,Figgen,Genderfluid,Denver,Colorado,11/24/1999,69.31,116.99
363,Edin,Van Hesteren,Bigender,Akron,Ohio,11/18/2006,29.07,367.3
364,Merrilee,Di Biasi,Agender,Houston,Texas,08/22/1981,70.51,194.15
365,Miran,Beardsley,Bigender,Columbia,South Carolina,04/09/2018,1.41,321.37
366,Saundra,MacKall,Agender,Los Angeles,California,06/16/2019,20.37,98.15
367,Louella,Heis,Non-binary,Arlington,Texas,04/22/2017,54.24,152.88
368,Caritta,Boddam,Polygender,Denver,Colorado,04/22/1994,50.32,277.99
369,Gerrard,Girhard,Non-binary,Omaha,Nebraska,01/30/1982,52.18,379.05
370,Aretha,Smallshaw,Genderfluid,Bradenton,Florida,11/13/1998,6.5,324.43
371,Alasteir,Oxtaby,Bigender,Salem,Oregon,04/15/1998,54.54,277.61
372,Pandora,Gorges,Non-binary,Milwaukee,Wisconsin,05/24/1994,75.21,246.66
373,Tara,Cohr,Female,Albuquerque,New Mexico,10/05/2020,62.64,311.72
374,Dietrich,Guinane,Polygender,Canton,Ohio,03/03/1982,44.12,230.75
375,Frank,Obispo,Bigender,Newark,New Jersey,07/28/1992,63.5,310.92
376,Vickie,Conyers,Female,Philadelphia,Pennsylvania,10/03/2005,73.4,178.46
377,Tab,Scrowston,Male,Washington,District of Columbia,03/13/2008,19.34,255.62
378,Wynn,Springer,Female,Indianapolis,Indiana,12/21/2011,32.39,378.76
379,Datha,Leppington,Non-binary,Chula Vista,California,08/26/1985,15.23,96.25
380,Sly,Butters,Non-binary,Springfield,Ohio,09/20/1993,72.89,136.22
381,Garek,Cheson,Genderfluid,Alexandria,Virginia,01/05/1999,49.45,166.22
382,Isidore,Milward,Polygender,Pittsburgh,Pennsylvania,01/13/2006,55.05,192.2
383,Clotilda,Matuszkiewicz,Male,Tampa,Florida,11/06/2010,25.58,92.56
384,Nap,Fanner,Male,Midland,Texas,11/20/2009,72.24,302.32
385,Geno,Really,Non-binary,Hartford,Connecticut,08/11/2013,30.73,373.68
386,Roderigo,Rushbrook,Polygender,Boston,Massachusetts,10/06/1994,36.88,209.5
387,Issie,Manns,Polygender,New York City,New York,11/15/1993,41.57,359.07
388,Rafe,Polycote,Genderqueer,Ann Arbor,Michigan,11/26/2017,9.9,285.77
389,Natassia,Beslier,Bigender,Mobile,Alabama,12/28/2003,65.82,224.61
390,Erina,Churchard,Polygender,San Jose,California,08/17/1997,8.03,232.06
391,Martynne,Plunkett,Genderqueer,Memphis,Tennessee,02/02/1993,61.59,314.85
392,Corabel,Budgey,Male,Colorado Springs,Colorado,09/01/2015,70.78,357.39
393,Bibi,Leroux,Bigender,New Orleans,Louisiana,07/18/1987,67.52,250.25
394,Josephina,Motto,Bigender,Englewood,Colorado,11/15/2005,81.21,302.24
395,Auroora,Broadnicke,Non-binary,Houston,Texas,04/16/1980,59.73,136.69
396,Xylina,Shackell,Non-binary,Topeka,Kansas,02/06/1986,45.93,198.83
397,Marsh,Kells,Polygender,Baltimore,Maryland,10/12/2010,68.68,244.69
398,Rodrick,Hindes,Genderfluid,Topeka,Kansas,04/12/2005,48.09,134.27
399,Bevin,Dillimore,Genderqueer,Washington,District of Columbia,08/06/1987,77.48,131.63
400,Zebedee,Lideard,Agender,Asheville,North Carolina,09/15/2010,12.98,147.5
401,Roxanne,Little,Female,Albany,New York,04/02/1982,25.21,367.87
402,Denice,Kareman,Agender,Washington,District of Columbia,05/29/1989,72.07,337.36
403,Pavia,Shillom,Non-binary,Pensacola,Florida,01/12/2004,34.32,251.1
404,Jerrold,Cockerton,Non-binary,Saint Petersburg,Florida,10/27/1993,35.96,126.65
405,Flint,Dillingham,Bigender,Denver,Colorado,08/18/1987,82.67,118.51
406,Elicia,Priest,Genderqueer,Dearborn,Michigan,03/09/2005,23.86,116.14
407,Bunni,Bircher,Genderqueer,Portland,Oregon,12/03/1986,7.58,360.57
408,Dominic,Hachette,Male,Harrisburg,Pennsylvania,05/31/1993,78.9,91.47
409,Sonnnie,Rafter,Genderqueer,Riverside,California,04/29/1983,28.53,327.09
410,Orran,Emeny,Polygender,Saint Louis,Missouri,01/31/1995,51.19,220.37
411,Nike,Gilkison,Bigender,North Hollywood,California,07/24/1992,33.07,172.89
412,Benton,Cowins,Bigender,New Orleans,Louisiana,01/22/1989,79.16,357.14
413,Redford,Bolger,Non-binary,Missoula,Montana,05/17/2015,58.1,237.63
414,Daryle,Callf,Bigender,North Little Rock,Arkansas,05/04/2019,58.21,186.74
415,Durante,Beswell,Female,Birmingham,Alabama,08/20/1985,9.18,268.86
416,Lorens,Ramsier,Bigender,Mobile,Alabama,04/28/1999,8.53,277.62
417,Corenda,Rumin,Bigender,Savannah,Georgia,09/17/1981,19.9,275.45
418,Hazel,Checketts,Male,Atlanta,Georgia,01/29/1990,60.15,303.31
419,Pat,Whiskerd,Genderfluid,Dallas,Texas,02/05/2019,39.83,347.13
420,Mariska,Badwick,Female,San Diego,California,12/12/1992,9.5,347.33
421,Nicolai,McNish,Agender,New Orleans,Louisiana,06/07/2011,74.25,325.96
422,Korey,White,Genderqueer,Charlotte,North Carolina,11/25/2018,35.65,150.41
423,Rahal,Vedyasov,Agender,Washington,District of Columbia,01/15/1989,37.62,366.16
424,Benedick,Sherwill,Agender,Amarillo,Texas,08/21/2009,44.02,103.64
425,Simona,Chishull,Agender,Minneapolis,Minnesota,11/28/2001,75.87,261.78
426,Humfried,Norvell,Polygender,Topeka,Kansas,05/16/2017,75.27,315.58
427,Gerard,Freathy,Non-binary,Richmond,Virginia,08/20/1990,8.12,270.74
428,Jenifer,MacVanamy,Agender,Portland,Oregon,12/19/2007,16.98,197.74
429,Celestine,Gross,Genderfluid,Richmond,Virginia,08/06/1992,41.92,258.45
430,Davita,Skones,Non-binary,Washington,District of Columbia,10/17/2004,48.1,114.66
431,Giff,Rosentholer,Genderqueer,Charlotte,North Carolina,07/03/1996,63.7,182.4
432,Ramona,Snell,Female,Kansas City,Missouri,12/24/2003,11.34,363.08
433,Agustin,Pettit,Agender,New York City,New York,10/24/2016,19.54,166.63
434,Bendite,Davidovicz,Non-binary,Columbus,Georgia,01/27/2010,82.85,147.91
435,Ossie,Calltone,Non-binary,Minneapolis,Minnesota,08/22/2020,48.93,325.98
436,Nancie,Boughtwood,Bigender,Saint Louis,Missouri,11/30/2002,62.0,393.02
437,Berty,Avory,Male,Indianapolis,Indiana,01/06/1982,63.81,225.26
438,Prinz,Blackmoor,Polygender,Brockton,Massachusetts,01/03/2017,13.07,255.89
439,Caldwell,Brownstein,Agender,Durham,North Carolina,11/09/2017,51.17,317.87
440,Michael,Grinnikov,Genderfluid,Hialeah,Florida,07/03/2015,69.0,155.58
441,Kara,Hagley,Polygender,Pasadena,California,11/22/2015,12.51,183.37
442,Artus,Jeal,Polygender,Los Angeles,California,04/24/2012,53.53,234.01
443,Ariela,Navein,Genderfluid,Hartford,Connecticut,11/06/1997,65.08,334.31
444,Conway,Doggerell,Polygender,West Hartford,Connecticut,11/10/1995,50.43,189.4
445,Sullivan,Hinckesman,Bigender,Washington,District of Columbia,11/09/1991,19.99,277.92
446,Randy,Tremathick,Genderfluid,Brooksville,Florida,07/31/2018,47.24,286.75
447,Lucho,Earl,Male,Kansas City,Missouri,12/12/1984,59.83,127.82
448,Wilek,Wolfenden,Agender,Worcester,Massachusetts,10/03/2019,2.43,384.11
449,Olav,Woof,Male,Tacoma,Washington,09/08/1980,13.35,200.14
450,Sebastian,D'Adamo,Polygender,Henderson,Nevada,03/20/1985,49.26,260.87
451,Free,Glisenan,Non-binary,Santa Monica,California,07/18/2004,65.76,386.87
452,Christye,Strippling,Genderqueer,Las Vegas,Nevada,09/30/1983,64.95,219.59
453,Myer,Saulter,Agender,Dallas,Texas,01/06/2020,82.07,397.4
454,Gerrard,Heavens,Polygender,Louisville,Kentucky,06/26/2004,39.36,332.27
455,Georgianna,Tsar,Polygender,Reno,Nevada,02/23/1997,41.58,390.14
456,Sharity,Pendlebery,Agender,Detroit,Michigan,11/03/2011,49.94,352.8
457,Angelita,Neasam,Genderfluid,Louisville,Kentucky,07/09/2003,22.96,280.5
458,Franny,Baversor,Female,Richmond,Virginia,08/26/1999,74.3,381.4
459,Ernie,Kippax,Non-binary,Louisville,Kentucky,09/08/1986,31.86,200.46
460,Cornela,Rapelli,Bigender,Montgomery,Alabama,04/23/2008,61.89,332.92
461,Perkin,Seabrooke,Bigender,Saint Louis,Missouri,09/28/1989,28.7,205.77
462,Bryant,Trump,Bigender,Baltimore,Maryland,12/17/2002,77.85,307.32
463,Florry,Suart,Agender,Pittsburgh,Pennsylvania,08/20/1992,52.32,119.57
464,Sharla,Sprowson,Bigender,Portland,Oregon,11/14/1982,22.56,186.6
465,Horten,Scurfield,Genderqueer,Charleston,West Virginia,06/20/1997,27.33,331.06
466,Rochester,Ghilardi,Female,Fort Lauderdale,Florida,07/16/2015,14.36,233.43
467,Emmalee,Inkles,Agender,Corona,California,05/13/1997,1.67,353.25
468,Waneta,Ouldcott,Male,Cambridge,Massachusetts,03/02/1998,47.11,310.61
469,Stu,Ortell,Non-binary,Sioux City,Iowa,07/30/1995,72.83,147.64
470,Sherline,Raxworthy,Non-binary,Charlotte,North Carolina,09/09/1997,26.98,208.79
471,Karisa,Sculpher,Non-binary,Pasadena,California,08/30/2005,14.45,394.73
472,Tammie,De Paepe,Non-binary,Orlando,Florida,05/21/1996,37.78,264.66
473,Michelina,Dikelin,Genderqueer,Charleston,South Carolina,02/02/2012,23.03,222.21
474,Gilda,Fardell,Bigender,San Francisco,California,03/16/1983,71.75,398.11
475,Sawyer,Woodley,Male,Houston,Texas,10/06/2019,35.74,329.31
476,Romain,Faulkes,Genderfluid,Charleston,South Carolina,08/27/1982,5.12,124.36
477,Ker,Shasnan,Bigender,Lansing,Michigan,05/08/2003,49.03,141.27
478,Vikki,Renshall,Agender,San Francisco,California,08/21/2007,82.44,343.59
479,Jillian,McIlheran,Male,Phoenix,Arizona,01/04/2007,81.35,94.47
480,Casey,Remon,Bigender,Virginia Beach,Virginia,04/11/1982,39.33,138.78
481,Webster,Attewill,Polygender,Dallas,Texas,07/25/2011,58.34,122.0
482,Vaughan,Weson,Genderqueer,Birmingham,Alabama,05/08/1999,5.74,157.65
483,Opal,Canby,Agender,Cincinnati,Ohio,12/28/2015,68.64,236.65
484,Morrie,Lincey,Bigender,Lexington,Kentucky,08/10/1997,8.85,330.17
485,Renell,Seabrooke,Agender,New York City,New York,04/15/2003,50.64,262.96
486,Dorette,Chstney,Male,New York City,New York,01/31/1990,23.14,178.61
487,Evvie,Zeal,Bigender,Memphis,Tennessee,05/10/2012,68.69,263.52
488,Mommy,Meadus,Bigender,Pensacola,Florida,05/12/2017,75.05,295.95
489,Leroy,Rankling,Agender,Sioux Falls,South Dakota,05/11/2014,21.54,358.7
490,Row,Tregunna,Female,Dallas,Texas,09/09/1987,4.98,311.54
491,Martelle,Relf,Polygender,Pueblo,Colorado,03/02/2005,5.28,220.56
492,Sascha,Kment,Male,San Jose,California,08/22/2020,22.1,123.4
493,Oates,Castagne,Polygender,Salem,Oregon,09/11/2003,8.03,291.66
494,Dwain,Durker,Bigender,Jackson,Mississippi,12/22/2012,29.03,317.73
495,Hew,Keegan,Agender,Springfield,Missouri,03/28/2007,51.07,205.49
496,Tessa,Fearnill,Male,Des Moines,Iowa,05/08/2015,40.06,231.41
497,Keelia,Dwine,Genderfluid,Los Angeles,California,11/10/2019,47.59,295.96
498,Cassandry,Rydeard,Polygender,Birmingham,Alabama,02/25/2016,69.6,308.76
499,Viola,Jouandet,Male,Houston,Texas,04/17/2002,71.72,326.49
500,Tracie,Eliyahu,Non-binary,Paterson,New Jersey,08/18/1984,82.49,398.12
501,Latisha,Lawleff,Polygender,Brockton,Massachusetts,01/25/2011,78.77,230.47
502,Reinaldo,Brashier,Agender,Portland,Oregon,03/19/1988,27.79,363.35
503,Mannie,Klimaszewski,Agender,Mesa,Arizona,04/28/2008,18.41,106.86
504,Garnette,Markussen,Genderfluid,Anniston,Alabama,10/11/1980,41.14,117.0
505,Si,Fauguel,Non-binary,Oklahoma City,Oklahoma,09/23/2010,13.89,98.65
506,Olin,Vankin,Agender,Englewood,Colorado,02/16/1988,50.13,99.65
507,Law,Logg,Genderqueer,Sacramento,California,09/04/2011,20.99,309.95
508,Pascale,Bloodworth,Female,Paterson,New Jersey,11/28/2015,69.45,357.62
509,Margit,Getsham,Non-binary,Waltham,Massachusetts,02/24/1989,35.98,119.1
510,Elisabet,Phonix,Female,Denton,Texas,01/14/2005,33.98,256.76
511,Marney,Yesson,Genderqueer,El Paso,Texas,08/09/2012,12.31,153.01
512,Clarabelle,Ludgrove,Male,Washington,District of Columbia,01/31/2001,63.15,383.86
513,Carling,Norley,Male,San Francisco,California,02/22/1992,53.93,221.17
514,Derril,Scartifield,Non-binary,Jacksonville,Florida,01/12/1988,1.96,218.63
515,Kally,Ackhurst,Genderqueer,Nashville,Tennessee,05/22/2003,68.5,231.84
516,Hazlett,Strete,Genderfluid,Houston,Texas,08/01/1987,58.47,90.47
517,Caresse,Carsberg,Male,El Paso,Texas,07/25/2018,73.0,211.83
518,Mayor,MacLaig,Genderfluid,Houston,Texas,09/19/2012,78.99,329.25
519,Evita,Osban,Genderqueer,Washington,District of Columbia,09/15/2013,78.95,156.28
520,Frayda,Chanson,Agender,Seattle,Washington,07/27/2002,18.5,315.37
521,Shauna,Tewes,Agender,Philadelphia,Pennsylvania,09/12/1989,67.82,169.73
522,Godfrey,Yurenev,Polygender,Anaheim,California,10/07/1991,15.54,135.92
523,Bryan,Lintot,Agender,Birmingham,Alabama,01/06/2015,5.3,145.13
524,Patrizius,Wollrauch,Polygender,Pittsburgh,Pennsylvania,05/03/2013,52.95,347.57
525,Moyra,Hovington,Female,Miami,Florida,11/02/2014,78.37,231.3
526,Danya,Lamp,Genderqueer,Baton Rouge,Louisiana,01/09/2014,81.3,299.74
527,Jedd,Alishoner,Genderfluid,Boise,Idaho,03/25/2001,16.71,184.98
528,Sunny,Attawell,Polygender,Olympia,Washington,01/10/2005,43.57,297.13
529,Van,Tenaunt,Agender,Dallas,Texas,08/22/1984,41.63,230.27
530,Jenifer,Andreas,Genderfluid,Des Moines,Iowa,01/30/1981,67.2,166.99
531,Bibi,Shaylor,Agender,Reading,Pennsylvania,04/24/2007,37.14,250.29
532,Antonie,McPartling,Non-binary,Norwalk,Connecticut,05/09/1986,6.05,199.08
533,Justinian,Panyer,Genderfluid,Newark,New Jersey,01/27/1982,79.97,348.8
534,Tremaine,Kisbee,Genderfluid,Sacramento,California,03/05/2016,75.99,189.64
535,Hamish,Adkins,Bigender,Alhambra,California,11/08/1987,60.44,235.86
536,Olva,Thomasson,Bigender,Springfield,Ohio,05/19/2013,35.5,392.6
537,Elwyn,Ledster,Female,San Antonio,Texas,11/18/2009,52.26,284.1
538,Joey,Machent,Genderqueer,Los Angeles,California,03/09/2016,15.15,276.61
539,Ema,Lonergan,Genderqueer,Sacramento,California,05/24/2002,8.54,287.05
540,Adoree,Trittam,Non-binary,Reading,Pennsylvania,04/06/2009,57.85,127.14
541,Lettie,Schanke,Genderqueer,Syracuse,New York,11/27/1981,10.27,166.99
542,Neila,Barcroft,Male,Hattiesburg,Mississippi,08/21/1993,24.98,281.49
543,Chance,Josland,Female,Seattle,Washington,06/12/2016,9.02,329.69
544,Gerrard,McRonald,Non-binary,El Paso,Texas,06/04/1986,31.92,370.24
545,Hatty,Ord,Genderqueer,Houston,Texas,04/05/2020,50.79,286.53
546,Haily,Kenen,Non-binary,Atlanta,Georgia,02/27/1993,1.82,142.75
547,Eustacia,Birtwistle,Non-binary,Lexington,Kentucky,12/21/2012,48.62,375.58
548,Dante,Tansey,Female,Durham,North Carolina,11/22/1999,75.62,103.2
549,Issiah,Gautrey,Bigender,Cincinnati,Ohio,02/20/2017,57.36,218.78
550,Adeline,Erdis,Genderfluid,Hartford,Connecticut,09/30/1999,50.31,186.43
551,Leicester,Knewstub,Female,Atlanta,Georgia,08/28/2019,62.18,205.11
552,Gusti,Sinkings,Male,Riverside,California,11/29/1990,7.33,257.84
553,Marven,Hards,Non-binary,Colorado Springs,Colorado,08/29/2000,29.37,196.04
554,Nial,Danbi,Genderfluid,Charleston,West Virginia,11/21/2012,40.36,265.34
555,Simona,Andover,Bigender,Saint Paul,Minnesota,10/08/2017,5.45,287.85
556,Dyanne,Corn,Genderqueer,Fort Collins,Colorado,11/02/1991,58.62,259.16
557,Royall,Slowan,Agender,Houston,Texas,02/15/1985,56.15,302.43
558,Boigie,Impy,Polygender,Clearwater,Florida,04/12/1997,42.83,360.89
559,Lennie,Baigent,Genderqueer,Lake Worth,Florida,05/02/2017,44.69,289.19
560,Robinetta,Lippiatt,Female,Johnson City,Tennessee,09/05/2003,65.32,281.37
561,Madelon,Leggis,Female,Denver,Colorado,09/16/1993,69.63,243.06
562,Sharity,Wycliffe,Bigender,Elmira,New York,01/30/1986,50.45,287.51
563,Gabbie,Bineham,Genderqueer,San Antonio,Texas,11/26/2018,57.15,393.71
564,Kippy,Taverner,Non-binary,Phoenix,Arizona,01/12/1994,43.39,92.67
565,Bat,Galbraeth,Genderfluid,Van Nuys,California,12/04/1986,79.93,126.52
566,Homere,Pfaffel,Bigender,Lansing,Michigan,11/14/1989,14.88,187.03
567,Tomas,Bellringer,Female,Wilmington,Delaware,03/15/1986,64.79,204.6
568,Clemmy,Etherson,Female,Portland,Maine,12/24/2003,28.46,292.49
569,Pegeen,D'Antonio,Polygender,Temple,Texas,07/11/1996,9.1,207.7
570,Maridel,Dugood,Female,Atlanta,Georgia,11/18/1993,26.34,121.68
571,Hervey,Lebel,Polygender,Pasadena,California,05/25/2012,68.47,114.16
572,Dolley,Agar,Male,Scottsdale,Arizona,06/02/2006,43.08,147.16
573,Godfrey,Balnaves,Agender,Mesa,Arizona,02/09/1989,49.54,205.88
574,Baxter,Leebeter,Polygender,Schaumburg,Illinois,06/15/2008,70.93,216.33
575,Allyson,MacRanald,Agender,Tyler,Texas,05/09/2001,10.9,347.81
576,Robina,Cullerne,Bigender,San Jose,California,11/27/2011,14.25,213.75
577,Benedicta,Dimitriades,Polygender,Louisville,Kentucky,01/01/1990,64.19,219.58
578,Putnem,Vowell,Female,Knoxville,Tennessee,07/04/2010,65.84,305.11
579,Drucy,Overstone,Genderqueer,Washington,District of Columbia,08/22/1982,54.86,245.4
580,Enrica,Kimblin,Genderqueer,Corpus Christi,Texas,06/01/1997,48.97,227.96
581,Jacquelyn,Whaites,Bigender,Saint Louis,Missouri,03/30/2012,76.45,353.96
582,Brion,Dudman,Non-binary,Norwalk,Connecticut,08/24/1989,63.03,117.8
583,Royce,Naish,Agender,Portland,Oregon,11/13/1999,31.3,372.14
584,Aarika,Dominec,Female,Des Moines,Iowa,03/28/2010,17.09,323.13
585,Xena,Denley,Non-binary,Fort Lauderdale,Florida,03/07/2013,31.3,106.31
586,Emma,Baynton,Genderqueer,Tampa,Florida,05/27/2016,35.49,220.24
587,Herta,Prendergast,Female,Canton,Ohio,08/20/1998,67.37,186.45
588,Josh,Milton,Genderfluid,Chicago,Illinois,06/10/1998,19.29,221.04
589,Josepha,Senn,Non-binary,Tulsa,Oklahoma,09/28/2008,2.61,105.91
590,Buffy,Reede,Bigender,El Paso,Texas,03/09/2000,19.16,282.16
591,Gavra,Kondratyuk,Polygender,Kansas City,Missouri,10/25/1983,29.33,339.74
592,Gianni,Gergus,Female,White Plains,New York,10/19/1993,23.49,325.05
593,Myron,Gorusso,Polygender,Florence,South Carolina,07/20/1988,42.96,105.24
594,Dagny,Eccott,Agender,San Antonio,Texas,09/11/2018,31.85,178.66
595,Pooh,Meers,Genderqueer,Phoenix,Arizona,03/30/2001,25.11,288.74
596,Regina,Hoodlass,Agender,Huntsville,Alabama,03/10/2019,24.14,189.08
597,Currey,Sallan,Agender,Las Vegas,Nevada,10/17/2004,38.92,113.23
598,Guendolen,Bartusek,Genderfluid,San Antonio,Texas,05/21/2020,68.45,195.84
599,Rodolph,Yarwood,Genderqueer,Charlotte,North Carolina,07/24/1988,24.52,188.85
600,Welbie,Challis,Polygender,Charlotte,North Carolina,03/24/2001,35.41,380.49
601,Minta,Girkins,Non-binary,Washington,District of Columbia,09/08/1995,53.05,373.9
602,Julietta,Hanham,Agender,Las Vegas,Nevada,08/17/1987,7.7,132.51
603,Dewey,Morrid,Genderfluid,Metairie,Louisiana,01/07/2001,63.36,362.72
604,Berthe,Iacoviello,Genderfluid,Wilmington,Delaware,09/02/2012,37.06,216.58
605,Emilie,Coche,Bigender,Albuquerque,New Mexico,11/08/2015,28.77,252.87
606,Trixi,Heers,Male,Houston,Texas,04/09/2006,64.7,242.32
607,Brade,Pantling,Male,Philadelphia,Pennsylvania,05/28/1986,4.39,282.3
608,Stanton,Delacourt,Agender,Jacksonville,Florida,06/26/1989,5.37,319.44
609,Tarra,Carvell,Genderfluid,Sacramento,California,05/16/1997,42.3,95.28
610,Morty,Pocknell,Female,New Brunswick,New Jersey,01/31/2017,28.57,305.06
611,Pansy,Skerm,Male,Salt Lake City,Utah,01/18/1982,63.68,189.47
612,Timmie,Appleyard,Female,Sacramento,California,06/19/2012,50.94,309.54
613,Ange,Casarini,Female,Richmond,Virginia,05/08/2020,50.83,216.21
614,Klarrisa,Wigg,Male,Indianapolis,Indiana,08/16/1985,11.41,113.27
615,Marie,Songust,Male,Oklahoma City,Oklahoma,03/08/2002,13.12,245.5
616,Claiborne,Kerrane,Female,San Francisco,California,09/10/2003,71.98,381.66
617,Wyatan,Caras,Agender,Atlanta,Georgia,10/18/2003,27.27,215.82
618,Allegra,Sign,Male,Chula Vista,California,02/16/1999,11.96,278.19
619,Lalo,Figg,Polygender,Norcross,Georgia,04/04/1987,56.49,185.8
620,Alfredo,Kilfedder,Male,Honolulu,Hawaii,08/23/2008,9.37,241.76
621,Dasya,Swabey,Genderqueer,Greenville,South Carolina,07/06/1981,72.84,312.45
622,Rebe,McVrone,Genderfluid,Miami,Florida,06/08/2001,50.84,104.94
623,Timoteo,Franseco,Agender,Washington,District of Columbia,11/22/1990,3.29,391.58
624,Rodolphe,Mabbot,Genderqueer,Palo Alto,California,10/12/1985,15.94,228.99
625,Lothaire,Boon,Polygender,San Diego,California,12/06/2019,37.4,253.49
626,Ofilia,Nockolds,Genderfluid,Yakima,Washington,01/22/2020,30.11,259.55
627,Josi,Cookes,Genderqueer,Sarasota,Florida,04/19/1997,33.47,276.92
628,Gaylor,Hussy,Female,Hayward,California,11/03/2006,61.27,282.61
629,Morten,Dutteridge,Male,Marietta,Georgia,05/04/1987,10.79,329.67
630,Lonnard,Errichiello,Genderqueer,Dallas,Texas,06/17/2007,41.45,275.12
631,Florette,Staples,Agender,Lincoln,Nebraska,07/07/2012,74.23,373.51
632,Shep,Portt,Male,Richmond,Virginia,02/19/1991,58.7,237.77
633,Jeannine,Foux,Female,Manassas,Virginia,05/28/1987,6.46,350.22
634,Neilla,Carlill,Genderfluid,Los Angeles,California,06/05/2008,36.69,100.71
635,Cathleen,Twiddell,Non-binary,Boise,Idaho,10/08/2020,3.4,115.93
636,Randall,MacKissack,Female,Allentown,Pennsylvania,04/06/2016,44.44,256.88
637,Niels,Tebbit,Genderqueer,San Antonio,Texas,03/17/1991,26.89,357.23
638,Puff,Scone,Bigender,San Francisco,California,02/18/2009,58.41,108.07
639,Di,Duckels,Genderqueer,Mobile,Alabama,02/23/2020,36.93,128.33
640,Randy,Shearn,Genderqueer,Washington,District of Columbia,08/26/2007,25.14,278.85
641,Augustus,Retchford,Non-binary,Saint Paul,Minnesota,05/01/1996,21.42,375.88
642,Anne-marie,Brammall,Bigender,New Hyde Park,New York,12/29/2011,37.78,322.85
643,Hilarius,Northridge,Bigender,Washington,District of Columbia,06/22/2014,16.26,121.48
644,Tabbitha,Melesk,Agender,Pensacola,Florida,10/16/2015,23.55,388.39
645,Rhodia,Curzon,Agender,Hartford,Connecticut,09/07/2002,30.49,254.46
646,Tymothy,Roch,Genderqueer,Amarillo,Texas,04/05/2013,70.25,185.75
647,Nigel,Betz,Genderqueer,Portland,Oregon,03/22/1998,42.37,202.55
648,Agnese,Habershaw,Genderqueer,Oklahoma City,Oklahoma,09/17/1980,71.02,381.5
649,Tillie,Bartod,Bigender,Staten Island,New York,08/27/1990,73.06,292.44
650,Daveen,Ughetti,Genderqueer,Wichita,Kansas,02/27/1991,36.15,175.62
651,Peggie,Somerfield,Bigender,Columbia,South Carolina,02/24/1990,45.06,292.59
652,Murdoch,Hillhouse,Male,Washington,District of Columbia,02/02/2004,83.19,361.55
653,Etta,Esposito,Genderfluid,San Francisco,California,08/18/1984,59.15,396.29
654,Aili,Desantis,Bigender,Midland,Texas,07/17/2003,39.17,165.4
655,Concordia,Alberti,Polygender,Sarasota,Florida,11/07/1988,14.62,300.88
656,Rudy,Wines,Non-binary,Albany,New York,02/02/1993,23.44,225.99
657,Yolanthe,Pedracci,Genderqueer,Topeka,Kansas,09/14/1993,75.09,295.94
658,Sibella,Maseyk,Male,Nashville,Tennessee,12/19/2019,78.85,165.31
659,Isac,Mullinger,Male,Herndon,Virginia,10/23/1983,65.54,394.71
660,Murvyn,Ponnsett,Bigender,Lakewood,Washington,09/02/2015,76.01,91.48
661,Franzen,Muckley,Polygender,Sacramento,California,05/07/2010,77.24,184.74
662,Heida,Williamson,Agender,Roanoke,Virginia,07/19/2008,10.77,92.14
663,Barbabra,Searchwell,Female,Kansas City,Missouri,03/01/2006,26.81,150.77
664,Devin,Eynon,Polygender,San Antonio,Texas,08/20/1998,44.19,168.51
665,Vincents,Moggach,Female,New York City,New York,11/18/2014,39.32,136.6
666,Moe,Stiles,Agender,Washington,District of Columbia,09/03/2013,22.03,192.34
667,Iain,Postin,Polygender,Lake Worth,Florida,04/30/1990,16.76,139.57
668,Bronny,Carrier,Male,Merrifield,Virginia,12/29/1990,53.23,297.02
669,Northrop,Dallimore,Agender,Albany,New York,12/06/2002,81.52,316.09
670,Malissa,Bousquet,Bigender,Richmond,Virginia,10/12/1981,48.17,328.45
671,Emmalee,Dumbrall,Genderfluid,Valley Forge,Pennsylvania,05/17/1988,5.5,144.86
672,Boycey,Brizell,Male,Olympia,Washington,10/10/2008,73.92,229.38
673,Garrek,Ridd,Genderqueer,Sparks,Nevada,01/31/2009,42.17,293.9
674,Dov,Ferrulli,Polygender,Winston Salem,North Carolina,01/08/2008,64.14,316.91
675,Gail,Mills,Agender,Reston,Virginia,06/15/2008,39.56,393.75
676,Hanna,Doerffer,Bigender,Huntsville,Alabama,05/30/1993,83.27,210.12
677,Gerome,Likly,Male,Los Angeles,California,03/06/2011,55.7,285.74
678,Elberta,McGoogan,Genderfluid,Houston,Texas,07/21/2011,20.8,256.67
679,Udall,Pesselt,Polygender,Seattle,Washington,01/31/1993,39.28,295.16
680,Nara,Leggon,Genderqueer,Baltimore,Maryland,05/29/2013,30.44,138.46
681,Chariot,Kenworthy,Non-binary,Ventura,California,10/24/1988,38.79,326.62
682,Gabriel,Buglar,Non-binary,Amarillo,Texas,01/21/2004,49.57,251.4
683,Mariya,Cheng,Female,Tampa,Florida,08/25/2006,50.35,90.42
684,Fanni,Beasleigh,Genderfluid,Orlando,Florida,02/20/2004,15.04,193.95
685,Linell,Cordeau],Non-binary,Richmond,Virginia,06/03/1990,41.59,93.26
686,Christalle,Parkyn,Genderqueer,Albuquerque,New Mexico,01/18/2000,64.45,180.59
687,Idell,Trounce,Non-binary,Springfield,Missouri,05/29/2015,58.08,390.17
688,Chrissie,Preator,Female,Topeka,Kansas,04/15/2000,39.76,381.14
689,Georgie,Roseveare,Male,Amarillo,Texas,12/05/1980,19.11,310.31
690,Wait,Easter,Male,Denver,Colorado,12/27/1999,79.9,270.24
691,Kassey,Trice,Agender,Boca Raton,Florida,02/10/2000,6.07,237.39
692,Bearnard,Moralee,Agender,Asheville,North Carolina,06/25/2007,53.78,244.28
693,Adan,Ragsdale,Non-binary,Denver,Colorado,05/11/2007,76.98,177.45
694,Kissee,Rigby,Male,Washington,District of Columbia,05/18/2013,27.71,126.05
695,Gerrie,Pogg,Bigender,Richmond,Virginia,06/01/1993,18.72,292.8
696,Lyda,Domeney,Non-binary,Hampton,Virginia,05/27/1988,38.8,257.9
697,Godfrey,Prodrick,Non-binary,Birmingham,Alabama,10/22/1991,78.73,142.79
698,Brandie,Arran,Agender,Portsmouth,Virginia,05/09/2016,13.85,131.55
699,Trina,Grote,Male,Tampa,Florida,01/17/2008,61.75,106.67
700,Ellwood,Sexcey,Female,Cincinnati,Ohio,02/07/2003,26.33,203.85
701,Jeannine,Legier,Polygender,Amarillo,Texas,09/13/1987,38.37,398.95
702,Roobbie,Blyth,Bigender,Washington,District of Columbia,11/10/2016,80.65,316.28
703,Maryrose,Corneljes,Genderqueer,Asheville,North Carolina,02/27/2016,8.93,330.52
704,Dave,Piolli,Bigender,Saint Petersburg,Florida,06/18/2004,14.4,357.66
705,Addy,Spada,Agender,Aurora,Colorado,04/06/2010,6.46,146.16
706,Ulrica,Bartels,Genderqueer,El Paso,Texas,08/24/1999,73.17,380.71
707,Wesley,Jupe,Genderfluid,Tucson,Arizona,04/18/2005,57.75,94.26
708,Mirelle,Cutteridge,Bigender,Los Angeles,California,06/13/2008,46.39,109.39
709,Keefer,Paliser,Bigender,El Paso,Texas,11/30/1984,32.16,367.76
710,Abbot,Meriton,Genderqueer,Washington,District of Columbia,05/19/1983,12.49,322.69
711,Brigg,Cahen,Non-binary,Alexandria,Virginia,12/27/2016,14.21,235.51
712,Teodoor,Amis,Male,Palm Bay,Florida,08/27/2020,38.5,202.08
713,Felic,Mabon,Female,Decatur,Georgia,09/17/1986,20.29,105.43
714,Jeana,Densey,Genderqueer,Newark,New Jersey,03/08/1985,48.06,271.25
715,Trip,Ewan,Bigender,Dallas,Texas,01/05/2021,78.48,205.71
716,Lindon,Lebell,Non-binary,Chicago,Illinois,01/26/1994,2.12,326.18
717,Saidee,Summerrell,Bigender,Denver,Colorado,11/28/1981,46.95,376.07
718,Denys,Castelyn,Bigender,Indianapolis,Indiana,09/05/2020,41.37,382.49
719,Wally,Hartopp,Bigender,Los Angeles,California,03/28/1994,2.57,207.65
720,Amitie,O'Kane,Genderqueer,New Haven,Connecticut,07/09/1990,73.76,189.98
721,Alanah,Doole,Male,Decatur,Georgia,09/29/2018,50.83,231.7
722,Elsa,Dover,Female,Baltimore,Maryland,02/26/1992,17.5,171.83
723,Marybelle,Paff,Genderfluid,Pueblo,Colorado,06/14/1992,78.15,145.5
724,Jordanna,Coltart,Female,Los Angeles,California,08/16/2018,63.13,305.17
725,D'arcy,Offa,Agender,Oakland,California,09/16/2012,13.62,271.31
726,Leopold,Traher,Genderfluid,San Francisco,California,03/06/2006,17.61,176.54
727,Sonja,Thurstan,Non-binary,New Haven,Connecticut,12/23/1998,10.09,191.47
728,Annabal,Schwant,Polygender,Gaithersburg,Maryland,08/11/1994,11.21,328.54
729,Vivie,Giovannazzi,Genderqueer,Dallas,Texas,12/19/2003,56.1,259.49
730,Byram,Axford,Female,Seattle,Washington,09/07/1989,68.4,144.7
731,Jessalyn,Matyushkin,Agender,San Luis Obispo,California,04/26/2000,14.04,136.16
732,Gabrielle,Jasper,Genderfluid,Winston Salem,North Carolina,01/01/2020,34.64,315.99
733,Lenna,Routledge,Genderfluid,Southfield,Michigan,04/12/2010,2.41,139.13
734,Ezri,Billin,Male,Austin,Texas,08/26/1999,32.62,238.56
735,Alma,Cammish,Genderqueer,Little Rock,Arkansas,10/17/2019,2.14,347.83
736,Clem,Golton,Bigender,Newark,New Jersey,08/17/1984,32.97,182.25
737,Angelina,Amis,Male,Springfield,Massachusetts,05/23/1993,52.45,309.46
738,Clementina,Kynson,Non-binary,Gastonia,North Carolina,12/20/1984,9.04,100.31
739,Stefanie,Karlolczak,Bigender,Huntsville,Alabama,07/08/1989,55.15,291.05
740,Kay,Penson,Agender,Seattle,Washington,09/16/1990,58.23,387.79
741,Martelle,Tooke,Polygender,Valdosta,Georgia,07/12/1996,80.77,125.48
742,Luise,Stein,Male,Shreveport,Louisiana,06/01/1983,61.83,171.35
743,Marnie,Richardson,Polygender,Vancouver,Washington,06/13/2012,11.8,347.1
744,Ernestus,Endrizzi,Genderfluid,Silver Spring,Maryland,06/04/1995,74.33,244.05
745,Benetta,Gobourn,Genderfluid,Wichita,Kansas,03/19/1991,65.54,255.19
746,Deb,Klosterman,Male,Iowa City,Iowa,12/24/2013,33.83,260.16
747,Lew,Likly,Polygender,Hialeah,Florida,08/25/1987,1.68,97.62
748,Fara,Mansion,Female,Lawrenceville,Georgia,09/08/1980,23.15,174.03
749,Ettore,Andriveau,Agender,Omaha,Nebraska,08/19/1984,74.99,324.57
750,Maridel,Crust,Non-binary,Jefferson City,Missouri,03/23/1987,79.31,196.9
751,Ethan,Geggus,Polygender,West Hartford,Connecticut,03/09/2005,36.42,179.1
752,Emily,Hoodspeth,Agender,Fort Lauderdale,Florida,09/09/1981,9.52,237.53
753,Laural,Deer,Female,Largo,Florida,08/13/1985,36.64,314.56
754,Raddie,Grundell,Female,Des Moines,Iowa,03/30/1995,71.3,239.02
755,Kiah,Vevers,Bigender,Lincoln,Nebraska,11/29/1989,74.24,293.45
756,Gertrud,Raithbie,Non-binary,Scottsdale,Arizona,09/21/1994,40.65,247.03
757,Davin,Randleson,Female,Newark,New Jersey,09/20/2001,55.69,339.79
758,Garey,Ubee,Polygender,Washington,District of Columbia,03/15/1980,32.0,235.59
759,Dewitt,De Angelo,Non-binary,Fort Worth,Texas,07/28/1983,39.43,375.59
760,Duffy,Sinnocke,Bigender,Concord,California,11/04/2004,19.49,359.45
761,Elfreda,Ivanaev,Genderfluid,Chicago,Illinois,11/28/1980,24.92,323.54
762,Tobit,Hallgalley,Male,Dayton,Ohio,06/18/1998,30.84,334.4
763,Tades,Stiegers,Genderqueer,North Little Rock,Arkansas,01/27/1985,5.51,98.36
764,Thoma,Sallier,Male,New York City,New York,10/19/1989,5.27,128.93
765,Coleen,Billiard,Female,Meridian,Mississippi,04/22/1988,21.28,236.53
766,Rani,Luce,Genderfluid,Gilbert,Arizona,02/09/2012,41.15,283.29
767,Elsy,Ogborn,Non-binary,Chattanooga,Tennessee,01/21/1987,67.23,194.42
768,Brockie,Sheridan,Male,Woburn,Massachusetts,05/14/2000,79.03,169.51
769,Georgina,Harragin,Polygender,Alexandria,Virginia,08/25/2003,51.52,278.14
770,Obie,Cuniffe,Non-binary,Orlando,Florida,03/09/1988,71.08,258.29
771,Evyn,Lorraway,Genderfluid,Austin,Texas,03/27/1983,5.52,246.68
772,Osmond,Killock,Bigender,Charlotte,North Carolina,12/02/1991,20.64,178.74
773,Claudetta,Biswell,Agender,Sioux City,Iowa,05/15/1989,15.36,147.8
774,Dame,Targe,Male,Gastonia,North Carolina,11/04/1980,1.58,226.85
775,Toma,Featherstonhalgh,Genderfluid,Lancaster,Pennsylvania,10/30/1981,80.15,349.58
776,Roosevelt,Lenz,Female,Oakland,California,12/21/1998,70.49,376.75
777,Poul,Matyushonok,Polygender,Metairie,Louisiana,11/22/1999,23.5,167.96
778,Loutitia,Armand,Agender,Saint Petersburg,Florida,08/05/1997,48.47,386.79
779,Nicoline,Dowall,Male,San Diego,California,01/02/1990,44.36,292.1
780,Dorice,Giorgielli,Genderfluid,Schenectady,New York,02/21/2012,43.27,342.67
781,Patrice,Jewiss,Non-binary,Cumming,Georgia,06/01/2012,15.72,324.11
782,Peggi,Bohler,Female,Evansville,Indiana,12/01/1995,39.1,186.43
783,Alonso,O' Sullivan,Female,Watertown,Massachusetts,12/05/1999,41.25,263.21
784,Valaria,Campe,Non-binary,Spring Hill,Florida,09/22/2015,65.28,394.82
785,Max,Cruise,Male,Cincinnati,Ohio,03/27/1988,61.86,307.29
786,Thain,Yepiskopov,Non-binary,Springfield,Massachusetts,03/10/2014,48.96,300.83
787,Ludovika,Presnall,Polygender,Richmond,Virginia,11/20/2008,78.95,195.27
788,Sig,Romao,Agender,Atlanta,Georgia,08/13/2006,39.21,310.61
789,Odilia,Haycock,Male,Louisville,Kentucky,09/21/1982,53.69,275.36
790,Jenda,Pentelow,Agender,Canton,Ohio,06/18/1996,53.97,150.92
791,Yoshiko,Manilove,Genderfluid,Honolulu,Hawaii,02/04/1991,6.84,169.28
792,Dean,Borres,Non-binary,Bakersfield,California,01/02/2001,24.45,158.03
793,Ossie,Veldens,Non-binary,Nashville,Tennessee,12/03/1987,27.92,242.37
794,Tally,Tonkes,Bigender,Fort Worth,Texas,11/24/1988,78.52,309.83
795,Rayner,Laing,Genderfluid,Charleston,West Virginia,11/19/2003,80.06,392.43
796,Sacha,Frostdick,Female,Omaha,Nebraska,08/26/2016,56.91,274.34
797,Hashim,Weatherley,Non-binary,Shreveport,Louisiana,08/17/2019,9.75,322.69
798,Arnie,De Souza,Male,Gadsden,Alabama,05/26/1986,73.89,265.46
799,Shamus,Putman,Bigender,Tampa,Florida,05/26/2016,18.1,148.74
800,Putnem,Bredgeland,Bigender,Denver,Colorado,09/20/2020,76.37,302.59
801,Padraic,Corkitt,Male,Jacksonville,Florida,04/15/1984,3.72,108.91
802,Lanae,Potten,Agender,Yakima,Washington,03/16/2006,24.93,93.87
803,Rois,Vitet,Polygender,Fort Worth,Texas,10/05/2015,82.11,299.45
804,Verney,Jiri,Non-binary,Philadelphia,Pennsylvania,06/28/2009,58.06,147.7
805,Jeanna,Darcy,Male,Phoenix,Arizona,11/02/1995,20.23,380.95
806,Judd,Booler,Agender,Colorado Springs,Colorado,02/11/2010,11.9,256.23
807,Jeane,Baldrick,Polygender,Abilene,Texas,10/19/2017,9.82,380.79
808,Odell,Mallabar,Non-binary,Spokane,Washington,04/23/1993,23.15,138.74
809,Sarajane,Cowen,Genderqueer,Odessa,Texas,05/23/1989,5.97,358.08
810,Chanda,Thominga,Male,San Antonio,Texas,06/01/2009,41.78,346.95
811,Kacy,Lilly,Genderqueer,Phoenix,Arizona,10/17/2019,43.48,248.89
812,Joy,Ferrettino,Polygender,Houston,Texas,01/05/1984,65.5,286.7
813,Shanie,Matieu,Polygender,Columbus,Ohio,06/01/2003,72.05,208.43
814,Gary,Sandyford,Female,Birmingham,Alabama,03/27/2008,22.12,208.05
815,Willabella,Matts,Genderfluid,Simi Valley,California,03/01/2013,3.24,266.12
816,Irina,Surplice,Male,Anderson,Indiana,05/29/1987,14.29,266.61
817,Clo,Nibley,Male,Pasadena,California,04/29/1994,50.56,263.43
818,Gwendolin,Berzons,Female,Fresno,California,03/21/1980,78.63,327.23
819,Maximilian,Emslie,Agender,Dayton,Ohio,07/08/2014,1.73,379.78
820,Birgitta,Wernham,Genderqueer,Green Bay,Wisconsin,08/15/1996,17.48,294.31
821,Hardy,Witherop,Non-binary,Oklahoma City,Oklahoma,04/27/2005,67.24,294.61
822,Helenka,Ferrarini,Bigender,Memphis,Tennessee,03/22/2019,1.97,125.88
823,Charis,Simnel,Non-binary,San Jose,California,03/19/1984,43.95,181.64
824,Almeda,Jarrel,Bigender,Jackson,Mississippi,03/23/1999,63.26,177.6
825,Corny,Jamot,Male,Detroit,Michigan,04/05/1997,68.62,273.11
826,Abigael,Cowpe,Polygender,Orlando,Florida,07/16/1995,21.01,370.44
827,Powell,Leahey,Genderfluid,Philadelphia,Pennsylvania,10/24/1999,35.4,254.22
828,Ambrose,Dudin,Male,Honolulu,Hawaii,03/09/1980,57.86,134.49
829,Lindsey,Landeaux,Agender,Pasadena,California,11/19/1987,8.59,107.3
830,Felizio,Treacy,Non-binary,Brooklyn,New York,02/20/1996,75.81,128.25
831,Thaddus,Cadamy,Bigender,Akron,Ohio,07/22/1993,15.43,187.07
832,Berkly,Hickin,Genderqueer,South Bend,Indiana,10/20/2020,21.91,299.27
833,Tawsha,Haswell,Non-binary,Minneapolis,Minnesota,02/17/2004,40.35,203.38
834,Doyle,Blackater,Bigender,Norwalk,Connecticut,04/01/1995,80.91,262.42
835,Bert,Eslinger,Genderqueer,New Orleans,Louisiana,09/22/1987,30.61,295.86
836,Leda,Buglar,Male,Flint,Michigan,12/29/1992,7.5,293.66
837,Michaelina,Cesconi,Female,Las Vegas,Nevada,05/03/2011,14.35,396.97
838,Seward,Davies,Genderfluid,Bethlehem,Pennsylvania,03/21/2000,5.78,344.62
839,Moll,Rewcassell,Male,Anaheim,California,08/17/2003,40.71,93.66
840,Mersey,Vasquez,Male,Portsmouth,New Hampshire,05/05/2019,20.35,114.85
841,Ysabel,Bassam,Genderqueer,Kansas City,Missouri,08/19/1993,41.09,260.66
842,Shawnee,Donhardt,Male,Washington,District of Columbia,03/25/2001,11.63,381.7
843,Ervin,Lulham,Male,Arlington,Virginia,08/25/1988,39.44,344.92
844,Gardener,Dooly,Agender,Newark,Delaware,06/21/2004,49.1,184.15
845,Marrilee,Stancliffe,Agender,San Antonio,Texas,07/30/2001,68.86,148.92
846,Konstantine,Ferrari,Agender,Saint Louis,Missouri,05/25/2013,59.14,252.56
847,Penn,Montier,Female,Glendale,California,10/13/1997,49.68,303.7
848,Reynard,Letch,Agender,Houston,Texas,11/16/1997,57.48,396.25
849,Blondelle,McVey,Genderqueer,New Bedford,Massachusetts,11/10/1988,21.83,182.1
850,Gabbie,Radbond,Polygender,Muncie,Indiana,11/05/2018,30.09,328.71
851,Viva,Girtin,Agender,Lincoln,Nebraska,12/19/1988,13.22,145.12
852,Lionel,Teggin,Male,New Orleans,Louisiana,03/15/1999,65.8,257.61
853,Philis,Alliberton,Female,Washington,District of Columbia,05/23/2000,5.98,250.76
854,Bekki,Boggers,Bigender,Tucson,Arizona,03/06/1983,17.44,303.97
855,Ailbert,Eble,Genderqueer,Zephyrhills,Florida,09/13/2005,32.97,328.17
856,Shellie,Meale,Genderfluid,Orlando,Florida,08/26/1989,21.29,329.68
857,Shanon,Keogh,Polygender,Orlando,Florida,05/15/2008,80.87,184.69
858,Ronny,Tombleson,Male,Clearwater,Florida,05/16/2003,47.96,387.48
859,Lombard,Albin,Non-binary,Springfield,Missouri,07/13/2003,52.69,375.46
860,Sherri,Rubbens,Polygender,Colorado Springs,Colorado,04/26/2014,21.37,176.54
861,Mellisa,Deere,Male,Berkeley,California,08/23/1988,49.06,259.36
862,Georgetta,Mainwaring,Agender,Philadelphia,Pennsylvania,06/05/1980,20.09,301.68
863,Hestia,Eastbury,Agender,Oklahoma City,Oklahoma,08/08/2018,71.37,322.64
864,Dov,Genner,Bigender,Shawnee Mission,Kansas,11/20/2002,45.95,264.1
865,Emmalynne,Kynder,Agender,Charlotte,North Carolina,06/25/2005,2.25,268.82
866,Kahaleel,Sumner,Polygender,Akron,Ohio,01/09/1990,72.25,155.99
867,Daile,Brawn,Bigender,Oklahoma City,Oklahoma,02/07/1998,70.44,112.46
868,Issy,Maro,Genderfluid,Fort Wayne,Indiana,09/03/2001,50.32,249.3
869,Chickie,Barltrop,Female,Amarillo,Texas,02/25/2005,23.42,262.4
870,Jeanelle,Braunton,Non-binary,Harrisburg,Pennsylvania,05/09/2019,18.14,322.05
871,Turner,Van der Merwe,Female,Oakland,California,11/06/1987,40.29,112.66
872,Corabelle,Hartfleet,Genderqueer,Boca Raton,Florida,02/19/2020,65.28,159.37
873,Osbert,McMillan,Bigender,Albuquerque,New Mexico,01/13/1989,54.63,299.42
874,Avivah,Lemmers,Non-binary,Boulder,Colorado,03/01/1995,61.97,120.85
875,Roxine,Hiley,Polygender,San Antonio,Texas,08/23/1983,42.97,157.86
876,Rowan,MacKimm,Agender,Pittsburgh,Pennsylvania,10/25/2013,40.69,147.98
877,Urbano,Standbridge,Genderfluid,Sarasota,Florida,10/01/1985,29.28,321.01
878,Jethro,Gherardelli,Agender,El Paso,Texas,06/29/2000,25.57,113.79
879,Willette,Minelli,Agender,Houston,Texas,02/28/2016,36.0,176.45
880,Donnamarie,Gingell,Genderfluid,Portland,Oregon,01/28/1995,24.95,325.82
881,Anne-corinne,Flahy,Male,Shawnee Mission,Kansas,05/14/2019,12.13,276.8
882,Gabriellia,Hulburd,Polygender,Duluth,Minnesota,04/26/1983,50.2,187.87
883,Ivan,Kerss,Genderqueer,San Francisco,California,04/23/2008,65.74,244.55
884,Conrad,Piers,Genderfluid,Sparks,Nevada,04/15/1995,5.55,375.28
885,Lezlie,Evered,Agender,Orlando,Florida,07/05/2020,24.93,307.0
886,Teressa,Cargon,Female,Petaluma,California,11/08/1996,6.5,177.56
887,Robin,Joubert,Female,Racine,Wisconsin,02/25/1988,38.02,133.37
888,Rowe,Heningam,Polygender,Milwaukee,Wisconsin,02/13/2017,3.4,221.06
889,Guthry,Volkers,Female,Panama City,Florida,04/14/1987,60.43,159.85
890,Dag,Puddin,Bigender,San Jose,California,04/10/2014,15.5,343.06
891,Zea,Portail,Genderfluid,Garland,Texas,05/20/2011,31.04,361.48
892,Sascha,Brunn,Polygender,Trenton,New Jersey,08/30/1990,56.55,125.75
893,Bone,Raith,Bigender,Seattle,Washington,09/02/2016,22.79,270.62
894,Xerxes,Van Rembrandt,Non-binary,Waco,Texas,05/11/2017,83.92,116.21
895,Alaine,Summerrell,Genderqueer,Chandler,Arizona,09/30/2005,51.92,91.7
896,Cati,Tredgold,Polygender,Milwaukee,Wisconsin,07/03/1987,36.01,373.27
897,Raimund,Lambourn,Female,Little Rock,Arkansas,02/26/1985,48.68,391.16
898,Leontine,Markwelley,Male,San Jose,California,06/22/1994,30.03,150.23
899,Jena,Abramsky,Male,Richmond,Virginia,12/07/2020,51.54,134.06
900,Bernette,Thorouggood,Genderfluid,Lynchburg,Virginia,07/26/1985,34.29,92.87
901,Damiano,Winspur,Genderfluid,Lansing,Michigan,05/31/2015,1.92,372.67
902,Barth,Spanswick,Agender,Jacksonville,Florida,10/24/1997,17.42,361.05
903,Ilaire,LaBastida,Male,Washington,District of Columbia,08/13/1981,30.57,394.56
904,Parsifal,Wathan,Polygender,Houston,Texas,08/12/2015,83.82,182.11
905,Frasco,Batterton,Genderqueer,Boise,Idaho,07/23/2013,36.15,147.94
906,Mureil,Hambrick,Genderfluid,Whittier,California,02/25/2016,74.35,125.51
907,Juan,Capponeer,Genderqueer,Charlotte,North Carolina,08/03/1995,2.42,397.72
908,Friedrich,Briddock,Polygender,Glendale,California,05/02/1996,28.17,156.86
909,Zed,Calbreath,Bigender,Cincinnati,Ohio,07/30/2003,77.28,338.78
910,Chrissie,Demke,Genderfluid,Milwaukee,Wisconsin,04/28/1984,60.66,239.56
911,Joshuah,Ovenell,Polygender,Modesto,California,04/11/2013,75.73,305.99
912,Alexine,Rudd,Bigender,Miami,Florida,05/26/1982,82.39,142.37
913,Chandra,Leeb,Genderqueer,Denver,Colorado,06/04/2005,77.02,161.98
914,Arlie,Brewitt,Agender,Pasadena,California,09/17/2004,72.87,280.23
915,Cary,Denziloe,Bigender,Elizabeth,New Jersey,03/18/1989,5.58,264.71
916,Sid,Cowgill,Genderqueer,Tacoma,Washington,08/25/1997,12.34,101.37
917,Dee dee,Tollet,Non-binary,Kansas City,Missouri,02/18/2008,53.03,301.05
918,Fletcher,Ellingford,Agender,Orlando,Florida,09/22/1983,57.42,193.77
919,Odele,Cowlam,Genderqueer,Denton,Texas,07/05/2008,1.27,197.2
920,Andrej,Pharo,Male,Toledo,Ohio,05/21/2013,32.97,309.38
921,Serena,Rossin,Agender,Missoula,Montana,08/12/2006,8.98,219.7
922,Shaylynn,Boyington,Female,Huntsville,Alabama,09/16/2011,16.99,361.78
923,Mitch,Sartin,Bigender,Washington,District of Columbia,09/08/1999,51.85,142.85
924,Norton,Seint,Agender,Philadelphia,Pennsylvania,10/07/1988,71.04,288.92
925,Adele,Wanden,Female,Green Bay,Wisconsin,08/05/1991,52.53,257.54
926,Clementius,Pizzey,Genderqueer,Olympia,Washington,10/09/1995,33.95,143.03
927,Aidan,Papes,Female,Shreveport,Louisiana,05/19/1989,30.89,143.5
928,Chas,Freckelton,Genderqueer,Santa Fe,New Mexico,01/13/2009,42.37,226.5
929,Dorene,Ryland,Bigender,Schenectady,New York,12/02/2005,36.22,396.61
930,Garrot,Yancey,Female,Kingsport,Tennessee,03/11/2012,45.64,299.19
931,Mohandas,Beevor,Male,Honolulu,Hawaii,10/31/1991,14.69,279.21
932,Carmelina,Gothliff,Male,San Bernardino,California,10/22/2005,58.88,229.85
933,Winfield,Bathurst,Polygender,Bakersfield,California,03/22/2015,44.86,176.35
934,Zollie,Hartless,Male,Harrisburg,Pennsylvania,08/19/2001,67.86,184.46
935,Inga,Majury,Male,Tacoma,Washington,06/26/2016,41.9,110.61
936,Abagail,Berks,Non-binary,Charlotte,North Carolina,07/23/1998,3.6,325.99
937,Henderson,Hardi,Genderqueer,Denver,Colorado,08/03/1988,35.99,184.21
938,Ruby,Rioch,Non-binary,Columbus,Ohio,10/17/1999,52.71,291.63
939,Elsie,Macieiczyk,Non-binary,New York City,New York,12/24/2017,29.11,118.63
940,Corrie,Ochterlony,Non-binary,Roanoke,Virginia,07/30/1980,1.17,286.68
941,Bee,Scoon,Genderqueer,Minneapolis,Minnesota,09/11/2016,81.81,377.26
942,Joceline,Coneybeer,Agender,Sacramento,California,09/11/1997,66.09,160.71
943,Hyacinthie,Sheather,Genderqueer,Melbourne,Florida,11/18/2013,36.57,277.43
944,Sara,Webborn,Agender,Garland,Texas,01/07/1983,36.4,308.22
945,Dwain,Hallard,Genderqueer,Birmingham,Alabama,10/10/2004,11.97,94.4
946,Jennine,Pourveer,Polygender,Harrisburg,Pennsylvania,06/23/1989,60.34,95.54
947,Bron,Schoenfisch,Genderqueer,Colorado Springs,Colorado,04/01/2001,24.63,139.02
948,Winnie,O'Canavan,Genderfluid,Newark,New Jersey,03/13/1980,36.01,203.92
949,Louis,Perrie,Genderqueer,Colorado Springs,Colorado,03/22/2009,75.17,98.04
950,Nerte,Larkins,Genderfluid,Kansas City,Missouri,02/01/2007,48.52,169.8
951,Laryssa,Craven,Non-binary,Alexandria,Louisiana,10/23/1990,22.9,293.38
952,Forster,Harme,Genderqueer,Myrtle Beach,South Carolina,04/02/2002,31.24,356.48
953,Gunilla,Tarren,Male,Hampton,Virginia,07/18/2010,77.46,141.95
954,Thatcher,Tootin,Genderqueer,Boise,Idaho,06/19/2009,67.2,95.71
955,Clarinda,Form,Bigender,Saint Cloud,Minnesota,01/30/2011,54.9,330.64
956,Cecile,Tuminini,Genderqueer,Saint Joseph,Missouri,10/17/2010,11.07,116.26
957,Filberte,Khotler,Genderqueer,Las Vegas,Nevada,04/09/1991,44.12,166.77
958,Doralynne,Gumbley,Genderfluid,Charleston,South Carolina,11/11/2000,13.74,291.26
959,Helenka,Goulter,Female,Fort Worth,Texas,01/15/1991,30.32,388.9
960,Gwendolyn,Spiers,Agender,Waltham,Massachusetts,01/18/1982,37.06,202.37
961,Tanner,Melmore,Agender,Tucson,Arizona,09/20/2015,65.66,173.16
962,Eward,Berthomieu,Agender,Corpus Christi,Texas,09/14/1981,10.84,279.28
963,Rena,Pascoe,Male,Wilmington,Delaware,02/11/1984,16.61,163.98
964,Panchito,Anespie,Non-binary,Montgomery,Alabama,06/29/1998,67.82,173.08
965,Asa,Lempertz,Genderqueer,Seattle,Washington,01/16/2015,15.19,212.69
966,Francoise,Stockley,Genderqueer,New Brunswick,New Jersey,12/25/1986,43.01,156.73
967,Jaquelin,Austins,Bigender,Fort Lauderdale,Florida,11/19/2015,74.8,387.24
968,Sean,Wimms,Agender,Indianapolis,Indiana,05/25/1987,56.84,275.02
969,Emmy,Bearn,Agender,Prescott,Arizona,02/14/2008,67.3,108.05
970,Rhodie,Scholes,Genderfluid,Harrisburg,Pennsylvania,10/27/2015,32.77,297.57
971,Filippa,Cowthart,Genderqueer,Cincinnati,Ohio,03/03/2008,3.23,389.33
972,Blondy,Tofanelli,Male,Spring,Texas,10/29/2020,37.0,305.09
973,Abby,Klaaasen,Genderfluid,Lincoln,Nebraska,08/11/1990,40.53,159.34
974,Jewelle,Grafton,Bigender,Evansville,Indiana,12/07/1995,39.94,346.65
975,Xena,Kerner,Female,Tulsa,Oklahoma,07/15/1989,5.46,369.87
976,Estelle,Souness,Genderqueer,Sacramento,California,05/16/2020,33.57,354.62
977,Domeniga,Ecclestone,Agender,Oakland,California,10/04/1998,67.21,92.78
978,Davine,Filer,Female,Fresno,California,12/02/2000,26.72,285.34
979,Jed,Hasell,Bigender,Daytona Beach,Florida,10/14/2011,67.88,131.5
980,Ivor,Abela,Polygender,Chicago,Illinois,12/22/1999,55.66,110.77
981,Glori,Benterman,Genderfluid,Reading,Pennsylvania,05/04/2018,43.16,153.67
982,Leonhard,Wandrack,Agender,Irving,Texas,08/04/2016,65.25,113.44
983,Meggy,Pilfold,Genderqueer,Tacoma,Washington,09/03/1981,76.64,142.42
984,Ronalda,Jukes,Genderqueer,Trenton,New Jersey,05/08/1991,13.43,128.85
985,Juanita,Gilman,Female,Greensboro,North Carolina,12/25/2014,40.96,283.24
986,Rutherford,McSkin,Bigender,Cedar Rapids,Iowa,06/17/2012,43.81,98.0
987,Aloysius,Janouch,Polygender,Pittsburgh,Pennsylvania,05/02/2015,65.36,200.15
988,Hagan,Gilchriest,Genderqueer,Memphis,Tennessee,01/08/2019,67.44,154.35
989,Zeb,Colnett,Non-binary,Jackson,Mississippi,07/23/1987,39.47,270.38
990,Marchelle,Wandtke,Non-binary,Richmond,Virginia,08/28/2017,5.63,333.64
991,April,Marflitt,Non-binary,San Jose,California,11/17/1995,46.21,339.3
992,Dorree,Heelis,Female,Tucson,Arizona,12/23/1989,62.77,335.22
993,Taddeo,Corrison,Non-binary,Jefferson City,Missouri,01/02/1980,28.27,169.18
994,Dotti,Pamphilon,Female,West Palm Beach,Florida,07/30/1988,4.07,123.06
995,Ranee,Keetley,Polygender,Lubbock,Texas,11/22/2007,57.44,357.48
996,Elden,McCaskill,Genderfluid,Oxnard,California,03/28/2005,29.11,239.98
997,Rubie,Muffett,Male,Topeka,Kansas,01/04/1987,29.22,274.83
998,Bentlee,Adamowitz,Genderqueer,Allentown,Pennsylvania,02/04/2003,59.18,96.97
999,Zahara,Pearn,Non-binary,Houston,Texas,01/03/1983,65.3,118.27
1000,Atalanta,Castagna,Bigender,Lubbock,Texas,03/09/1997,16.97,153.01
